temperature,humidity,gas_ppm,vibration,light_lux,condition
6.53,82.8,203.71,0.33,141.33,abnormal
6.04,43.36,232.96,0.18,199.29,normal
3.51,93.68,146.84,0.59,89.22,abnormal
6.89,45.88,188.51,0.63,76.62,normal
5.46,45.39,146.54,0.87,223.26,normal
7.76,58.48,238.87,0.34,82.88,normal
6.08,46.56,170.62,0.34,247.88,normal
7.48,46.87,108.51,0.58,130.73,normal
7.21,44.45,170.06,0.78,124.01,normal
7.95,50.09,175.19,0.39,123.16,normal
5.11,29.13,241.43,0.56,53.13,abnormal
4.93,53.6,220.23,0.22,88.83,normal
2.72,53.51,167.09,0.58,235.26,normal
4.89,49.68,87.97,0.52,190.94,normal
3.61,40.75,222.56,0.21,111.52,normal
4.72,46.54,135.72,0.11,195.79,normal
7.32,56.35,160.9,0.85,154.9,normal
4.56,57.03,87.78,0.96,103.15,normal
7.19,56.05,128.19,0.77,587.14,abnormal
3.06,47.66,169.97,1.0,189.22,normal
5.37,52.1,221.94,0.76,51.35,normal
3.41,50.29,174.83,0.77,130.44,normal
5.34,93.26,211.9,0.42,241.11,abnormal
5.04,55.85,669.87,0.44,109.73,abnormal
4.96,46.76,137.34,0.74,183.86,normal
4.04,51.77,243.97,0.8,113.47,normal
5.68,43.56,101.91,0.96,232.1,normal
6.16,59.71,84.32,5.73,51.25,abnormal
2.94,46.14,188.66,0.59,225.68,normal
3.42,52.85,220.39,0.99,73.15,normal
3.9,44.17,135.08,0.48,154.36,normal
4.55,54.76,195.94,0.28,106.87,normal
5.7,47.72,185.39,0.72,78.81,normal
7.94,44.44,156.33,0.64,941.06,abnormal
4.48,54.94,102.06,0.85,1484.79,abnormal
7.52,45.76,241.45,0.07,93.69,normal
6.25,56.15,98.0,0.13,217.27,normal
5.64,57.57,189.68,0.63,174.81,normal
6.43,57.71,168.33,0.42,147.91,normal
5.32,46.9,170.53,0.77,130.81,normal
5.99,43.54,110.71,0.35,142.85,normal
7.84,51.24,125.16,0.14,80.95,normal
2.2,42.85,95.34,0.82,220.98,normal
4.29,53.15,120.99,0.1,60.62,normal
4.64,42.42,159.69,0.06,1187.48,abnormal
6.72,54.57,237.39,0.66,243.32,normal
13.26,43.45,178.03,0.57,172.96,abnormal
7.29,59.11,204.58,0.8,181.45,normal
5.84,44.73,173.61,0.24,83.31,normal
6.21,44.89,178.19,0.89,90.64,normal
3.85,48.36,163.15,0.64,197.42,normal
-4.03,47.86,122.01,0.02,116.52,abnormal
6.86,55.5,766.73,0.73,86.09,abnormal
6.95,57.21,154.6,0.19,84.87,normal
2.33,44.93,233.18,0.47,155.4,normal
2.68,49.81,232.22,0.33,165.92,normal
7.49,44.86,105.37,0.81,200.55,normal
6.76,47.94,214.4,0.86,159.6,normal
7.3,45.31,174.22,0.61,237.95,normal
5.02,57.27,663.02,0.68,188.66,abnormal
7.27,53.35,140.75,0.24,157.0,normal
7.03,55.01,249.58,5.07,90.4,abnormal
3.81,58.45,189.72,0.81,221.04,normal
2.66,41.33,221.98,0.16,92.01,normal
7.39,57.35,83.88,0.15,165.44,normal
6.38,51.74,139.2,0.02,110.56,normal
5.92,54.7,112.78,0.61,89.27,normal
4.49,49.4,115.77,0.59,68.59,normal
-2.61,52.67,204.4,0.12,81.48,abnormal
7.76,48.2,207.95,0.14,615.17,abnormal
6.04,42.32,145.04,0.1,232.66,normal
5.71,40.64,103.12,0.34,198.52,normal
4.63,44.97,237.33,0.75,92.82,normal
3.15,47.61,115.43,0.01,85.77,normal
5.99,46.03,168.57,0.15,207.0,normal
2.54,40.45,174.93,0.39,154.96,normal
2.05,53.3,246.94,2.6,107.34,abnormal
7.04,51.83,199.11,0.37,243.54,normal
7.04,41.32,206.16,0.66,211.07,normal
6.0,51.92,101.79,0.69,149.31,normal
2.58,59.38,100.17,0.28,134.77,normal
3.96,47.33,132.18,0.92,92.4,normal
7.65,57.76,212.35,0.03,248.02,normal
2.74,22.29,161.48,0.56,105.59,abnormal
5.72,48.86,202.66,0.09,135.24,normal
4.47,42.6,226.2,0.53,239.03,normal
3.92,59.06,106.96,0.88,176.35,normal
6.21,57.33,85.51,0.06,53.37,normal
7.43,59.13,175.95,0.77,140.29,normal
6.72,52.46,143.05,0.59,205.68,normal
3.71,56.87,240.78,0.25,218.32,normal
6.86,49.23,80.46,0.04,61.88,normal
6.7,42.45,115.23,0.81,197.34,normal
3.38,48.99,126.95,0.94,147.8,normal
2.26,40.26,96.56,0.73,123.25,normal
5.56,57.37,98.39,0.34,62.16,normal
5.05,48.17,97.28,0.05,192.52,normal
7.81,56.26,128.91,0.97,240.78,normal
3.2,48.01,99.41,0.2,53.49,normal
4.09,57.19,194.98,0.45,190.68,normal
4.98,44.09,175.41,0.33,249.95,normal
6.66,52.14,106.62,0.81,237.75,normal
4.62,47.87,219.94,2.32,167.03,abnormal
6.98,53.99,160.75,0.03,245.96,normal
4.55,46.21,136.16,0.59,201.02,normal
2.3,51.77,193.31,0.12,100.46,normal
5.93,51.71,172.46,0.94,63.59,normal
6.54,57.16,187.28,0.27,50.61,normal
7.98,41.32,213.36,0.04,172.11,normal
6.85,45.95,221.12,0.82,235.85,normal
5.64,59.79,188.61,0.65,89.73,normal
6.11,56.27,144.98,0.56,108.52,normal
4.29,41.99,116.77,0.29,59.82,normal
3.6,44.67,109.61,0.32,86.6,normal
7.8,53.39,181.17,0.58,232.39,normal
6.84,11.34,219.83,0.26,226.68,abnormal
2.84,44.29,88.67,0.46,1404.08,abnormal
10.89,41.1,106.92,0.67,55.49,abnormal
5.77,41.9,238.25,0.94,238.74,normal
3.41,53.69,207.66,0.57,169.09,normal
5.51,58.02,232.57,2.33,138.89,abnormal
7.02,50.07,179.9,0.29,182.3,normal
6.92,41.41,172.93,0.4,102.01,normal
2.96,42.4,240.96,0.88,154.39,normal
3.4,59.66,245.33,0.37,236.5,normal
2.37,40.51,171.82,0.42,114.04,normal
6.97,43.6,112.12,0.56,109.91,normal
6.59,53.36,238.81,0.51,149.94,normal
3.62,43.31,193.97,0.56,150.94,normal
6.51,51.57,249.84,0.93,145.43,normal
3.6,51.78,118.99,0.12,230.94,normal
5.49,42.25,152.62,0.49,160.37,normal
4.93,53.48,217.44,0.55,94.83,normal
4.12,55.58,158.24,0.8,210.96,normal
4.39,45.86,87.68,0.6,134.33,normal
7.01,47.53,172.96,0.72,237.11,normal
3.59,50.23,105.79,0.44,80.59,normal
4.32,43.2,238.68,0.58,98.63,normal
3.65,50.93,80.06,0.97,242.03,normal
3.6,48.0,198.44,0.23,58.22,normal
7.91,47.9,105.73,0.99,155.44,normal
2.41,40.44,221.61,0.09,64.77,normal
15.86,55.13,203.21,0.36,201.1,abnormal
6.89,59.97,228.43,0.71,71.59,normal
6.32,57.89,138.09,0.98,58.76,normal
5.34,41.89,136.52,0.83,54.39,normal
7.44,45.57,131.35,0.14,74.91,normal
3.91,40.63,112.85,0.29,55.65,normal
4.41,41.26,208.45,0.48,232.31,normal
6.63,42.54,123.98,0.54,200.6,normal
5.28,59.13,204.01,0.87,142.35,normal
2.58,41.59,126.05,0.52,249.06,normal
7.04,52.45,236.25,0.63,239.44,normal
5.7,50.77,216.81,0.25,245.05,normal
5.71,48.81,238.15,0.38,112.47,normal
13.27,51.77,246.41,0.8,59.86,abnormal
2.81,51.98,110.7,0.84,206.21,normal
-0.82,47.63,198.11,0.35,64.08,abnormal
6.1,41.24,221.53,0.54,204.26,normal
3.24,46.29,149.83,0.71,75.15,normal
3.56,47.45,89.49,0.49,59.83,normal
5.91,46.02,103.1,0.53,166.07,normal
3.76,47.53,143.76,0.87,207.1,normal
5.34,48.7,164.58,0.05,207.84,normal
2.09,55.81,132.83,0.42,122.84,normal
4.04,57.85,177.11,0.78,111.7,normal
3.32,55.63,216.89,0.03,76.17,normal
3.55,83.09,144.81,0.13,176.71,abnormal
4.02,45.78,98.43,0.63,170.73,normal
7.55,40.18,238.43,0.43,221.12,normal
2.91,43.62,209.55,0.45,242.87,normal
5.94,46.21,102.84,0.32,63.47,normal
2.47,45.62,247.19,0.09,232.14,normal
7.74,50.67,167.9,3.55,61.99,abnormal
7.88,40.3,160.68,0.52,129.22,normal
7.95,42.56,228.69,0.17,169.1,normal
7.58,27.95,238.27,0.27,76.98,abnormal
6.76,57.05,188.56,0.42,79.45,normal
2.99,44.08,122.71,0.74,226.9,normal
4.58,53.93,204.01,0.87,156.46,normal
4.1,56.38,108.7,0.98,239.6,normal
2.77,53.43,198.1,0.23,114.86,normal
6.78,59.6,125.62,0.03,238.91,normal
5.92,45.7,159.43,0.74,223.97,normal
11.11,58.89,106.21,0.71,139.49,abnormal
5.69,54.73,246.12,0.68,174.16,normal
2.51,48.77,211.5,0.76,98.58,normal
5.85,54.85,163.18,0.03,223.52,normal
4.28,43.39,92.37,0.47,192.84,normal
2.36,56.94,183.15,0.39,99.39,normal
3.97,52.71,85.64,0.61,208.57,normal
6.32,50.06,104.62,0.62,95.89,normal
2.07,92.16,226.75,0.79,198.06,abnormal
6.29,47.93,160.61,0.29,231.0,normal
7.93,80.58,123.25,0.67,121.89,abnormal
2.32,50.63,219.31,0.88,187.69,normal
5.72,49.01,213.33,0.11,178.36,normal
7.46,54.52,134.48,0.64,74.67,normal
7.76,50.25,123.43,0.54,127.2,normal
5.48,59.76,169.71,0.78,226.96,normal
5.59,46.12,247.5,0.48,190.62,normal
2.63,56.79,195.77,0.25,96.51,normal
7.17,59.73,171.88,0.96,192.09,normal
2.79,44.07,174.65,0.23,139.91,normal
3.43,55.85,105.66,0.11,179.21,normal
2.18,58.4,106.71,0.88,92.02,normal
7.2,58.48,200.99,0.56,92.42,normal
2.27,42.34,111.47,0.18,50.42,normal
5.13,49.23,144.5,0.05,55.96,normal
6.03,51.16,881.22,0.48,127.25,abnormal
2.5,45.91,143.35,0.8,107.75,normal
0.39,45.79,134.29,0.24,238.68,abnormal
6.53,55.72,126.98,0.78,203.29,normal
2.83,46.3,149.47,0.98,113.28,normal
2.59,40.07,204.67,0.99,141.41,normal
7.5,40.07,218.95,0.28,115.88,normal
4.28,56.68,136.34,0.9,59.22,normal
7.38,47.8,125.67,0.07,231.0,normal
4.23,57.35,200.52,0.7,228.36,normal
2.01,83.94,135.07,0.4,213.59,abnormal
6.63,84.39,168.87,0.02,204.6,abnormal
4.58,50.96,130.01,0.14,156.86,normal
5.73,43.19,183.18,0.78,155.59,normal
5.35,50.4,188.0,0.12,155.83,normal
5.85,55.63,92.35,0.03,210.57,normal
4.18,56.88,176.79,0.9,54.67,normal
2.76,58.87,102.56,0.88,202.8,normal
7.1,52.62,178.14,0.83,87.35,normal
7.87,51.07,80.99,0.94,229.46,normal
2.84,41.46,158.37,0.34,112.87,normal
4.92,15.82,95.34,0.75,147.66,abnormal
3.11,41.49,172.11,0.8,179.0,normal
2.55,54.26,148.48,0.14,103.25,normal
5.62,49.55,167.08,0.07,60.68,normal
7.97,57.68,202.57,0.37,233.25,normal
5.32,53.62,143.38,0.83,59.07,normal
5.03,40.06,178.26,0.13,223.93,normal
2.0,51.49,239.48,0.05,176.42,normal
6.22,46.84,126.77,0.05,84.34,normal
3.67,57.29,248.62,0.5,233.91,normal
7.32,57.71,127.6,0.06,147.09,normal
7.47,50.33,107.36,0.26,140.52,normal
7.96,41.45,240.07,0.54,236.25,normal
2.04,41.32,213.67,0.94,178.3,normal
2.35,42.32,143.21,0.0,85.6,normal
6.84,59.62,191.68,0.31,135.48,normal
2.26,47.25,240.99,0.86,138.12,normal
2.82,40.88,158.6,0.81,168.73,normal
2.03,49.68,234.03,0.83,180.73,normal
6.71,51.24,596.34,0.29,212.15,abnormal
5.4,49.37,180.83,0.57,223.04,normal
2.79,45.14,242.61,0.77,132.68,normal
7.76,55.86,167.49,0.14,144.83,normal
6.87,41.65,233.29,0.73,64.14,normal
2.27,47.04,175.45,0.61,94.36,normal
4.81,45.94,245.04,0.78,195.67,normal
5.14,57.63,121.13,0.87,80.28,normal
4.43,45.46,172.76,0.04,135.85,normal
5.29,59.79,249.4,0.89,236.19,normal
5.28,59.35,134.05,0.23,234.23,normal
5.78,57.0,149.0,0.14,59.49,normal
4.67,48.89,127.04,0.05,122.02,normal
4.11,47.28,147.5,0.21,86.55,normal
5.56,50.82,136.66,0.77,71.43,normal
6.2,54.61,193.23,0.6,227.9,normal
2.5,42.0,212.41,0.94,68.95,normal
11.42,56.11,199.71,0.45,127.81,abnormal
3.06,52.68,149.04,0.62,233.88,normal
7.52,45.36,239.88,0.68,249.64,normal
2.81,48.75,133.34,0.79,1065.89,abnormal
10.11,57.2,209.12,0.7,60.15,abnormal
4.02,57.26,238.19,0.91,119.4,normal
6.12,51.76,154.83,0.89,117.96,normal
2.26,56.7,96.98,0.44,88.25,normal
5.57,40.99,140.16,0.74,184.81,normal
7.48,53.33,220.97,0.05,246.51,normal
6.07,44.32,131.69,0.72,90.65,normal
10.03,46.96,239.41,0.88,135.68,abnormal
6.19,55.21,90.95,0.54,175.37,normal
0.94,46.74,184.61,0.89,241.97,abnormal
6.56,44.87,143.55,0.57,79.3,normal
2.42,41.19,243.84,0.57,165.52,normal
4.39,48.57,235.38,0.82,61.76,normal
6.3,49.55,87.5,0.7,98.33,normal
3.6,53.6,201.83,0.96,182.44,normal
3.73,51.62,243.74,0.37,95.01,normal
4.94,47.54,224.17,0.16,115.62,normal
5.8,56.57,92.39,0.21,125.9,normal
7.39,43.67,97.98,0.54,86.75,normal
3.12,58.94,199.42,0.15,207.86,normal
7.14,41.39,205.33,0.03,57.97,normal
7.03,10.93,121.53,0.64,241.82,abnormal
4.48,45.07,82.37,0.89,73.33,normal
4.66,55.89,184.77,0.01,229.28,normal
7.85,58.24,136.79,0.88,162.51,normal
5.26,46.47,176.15,0.19,84.2,normal
6.63,46.23,147.19,0.23,218.63,normal
6.82,43.58,81.44,0.69,141.51,normal
3.12,45.12,247.16,0.89,188.98,normal
7.44,42.29,216.2,0.84,95.13,normal
2.04,43.78,199.07,0.17,179.41,normal
5.96,41.35,234.17,0.52,74.9,normal
4.93,40.09,142.23,0.09,71.28,normal
4.62,50.71,136.49,0.55,196.07,normal
6.5,53.81,682.27,0.7,68.84,abnormal
2.27,41.01,248.71,0.34,97.27,normal
6.85,52.08,116.71,0.55,125.09,normal
7.45,49.59,503.43,0.51,116.34,abnormal
2.32,41.92,167.37,2.67,200.8,abnormal
2.32,51.02,184.56,0.54,175.05,normal
3.37,53.25,106.43,0.25,105.48,normal
3.67,44.23,102.39,0.75,154.98,normal
4.53,59.07,141.18,0.6,89.26,normal
2.76,52.55,82.22,0.04,91.57,normal
7.62,53.92,117.23,0.13,193.39,normal
7.1,42.54,228.89,0.24,193.57,normal
6.66,42.61,95.9,0.34,59.41,normal
3.18,53.64,220.23,0.34,208.61,normal
6.97,49.14,140.5,0.9,69.19,normal
2.79,41.42,83.9,0.16,169.64,normal
7.3,53.72,206.19,0.47,125.62,normal
7.16,43.18,207.34,0.53,73.87,normal
3.58,56.84,206.12,0.82,63.38,normal
2.97,51.35,216.25,0.2,73.7,normal
5.01,47.34,174.72,0.37,218.25,normal
4.76,25.06,231.46,0.38,190.09,abnormal
15.7,56.08,141.55,0.06,166.24,abnormal
6.7,46.01,86.15,0.97,128.3,normal
3.84,55.4,201.94,0.57,118.76,normal
5.63,43.35,112.26,0.85,127.07,normal
7.0,41.77,244.67,0.26,207.17,normal
7.52,54.78,239.94,0.55,114.11,normal
2.61,50.29,167.25,0.89,57.86,normal
7.69,51.88,196.83,0.1,174.55,normal
5.84,54.49,234.26,0.71,181.6,normal
4.28,44.41,175.15,0.8,227.47,normal
7.77,45.63,158.36,0.96,227.79,normal
4.19,44.72,121.74,0.95,239.87,normal
6.14,41.55,200.09,0.37,183.69,normal
2.17,59.6,125.4,0.86,205.67,normal
6.14,53.5,164.89,0.8,130.28,normal
6.32,59.81,202.7,0.94,233.24,normal
3.2,59.34,154.22,0.56,248.23,normal
4.32,54.56,212.08,0.38,211.38,normal
7.44,42.53,110.1,0.29,54.43,normal
2.05,46.64,222.59,0.62,237.98,normal
6.89,43.71,147.85,0.14,207.31,normal
4.29,46.04,155.94,0.11,234.53,normal
7.22,45.52,120.73,0.78,167.7,normal
3.09,42.45,218.32,0.05,183.54,normal
5.27,43.91,214.75,0.16,133.09,normal
6.66,57.72,116.29,0.81,140.56,normal
5.95,49.16,97.72,0.91,230.73,normal
5.87,54.62,164.27,0.53,121.25,normal
7.59,41.59,204.08,0.45,233.23,normal
3.91,44.18,218.66,0.66,197.82,normal
7.34,50.11,158.31,0.27,186.06,normal
2.29,19.94,189.28,0.16,179.62,abnormal
2.15,50.58,215.43,0.88,214.07,normal
4.67,49.06,178.14,0.4,114.78,normal
4.81,42.23,234.87,0.65,59.33,normal
6.2,56.31,218.32,0.93,62.58,normal
3.95,85.38,247.29,0.04,234.15,abnormal
6.09,54.59,91.17,0.19,142.62,normal
-4.28,40.53,131.19,0.97,188.46,abnormal
7.51,55.26,169.94,0.63,67.37,normal
11.98,43.96,185.81,0.35,80.83,abnormal
3.06,54.42,182.16,0.19,195.25,normal
3.48,42.56,143.5,4.46,215.45,abnormal
3.28,44.69,108.73,0.64,1270.86,abnormal
6.2,43.8,168.78,0.61,50.28,normal
4.84,53.87,232.05,0.83,206.37,normal
3.36,48.54,166.24,0.97,143.91,normal
2.29,59.52,87.75,0.19,171.43,normal
2.72,50.11,106.93,0.85,126.23,normal
4.95,43.12,96.96,0.64,240.43,normal
0.36,51.17,175.24,0.96,191.22,abnormal
6.0,26.84,153.91,0.71,102.43,abnormal
4.42,44.01,155.24,3.05,79.03,abnormal
0.89,59.65,104.08,0.16,192.41,abnormal
2.64,52.15,123.14,0.15,162.04,normal
6.44,43.09,218.67,0.99,176.27,normal
6.41,47.07,89.72,0.18,227.69,normal
3.27,88.12,233.04,0.24,229.42,abnormal
4.87,55.97,91.33,0.65,156.31,normal
6.1,49.84,97.77,0.24,147.11,normal
7.14,59.0,211.27,0.65,114.79,normal
5.96,44.4,145.51,0.4,61.47,normal
5.98,44.58,220.79,0.47,123.08,normal
6.38,55.82,87.66,0.32,163.74,normal
7.62,53.19,142.61,0.43,194.08,normal
5.4,58.37,138.18,0.43,53.38,normal
15.76,47.52,247.41,0.59,140.17,abnormal
6.83,41.2,216.58,0.81,53.63,normal
7.86,53.33,92.09,0.87,149.23,normal
5.97,42.99,92.46,0.2,98.73,normal
7.44,52.41,158.67,0.57,140.78,normal
7.73,49.49,92.61,0.43,228.64,normal
6.79,59.7,111.51,0.44,127.88,normal
4.76,46.78,178.05,0.53,174.33,normal
4.52,44.74,188.36,0.21,176.19,normal
7.5,53.86,114.51,0.6,175.99,normal
3.85,40.62,167.12,0.73,165.64,normal
3.4,42.89,106.95,0.59,120.39,normal
4.09,56.15,126.29,0.28,178.02,normal
3.7,40.14,88.49,0.14,243.63,normal
3.84,50.9,209.63,0.5,109.55,normal
4.7,46.19,239.97,0.42,90.26,normal
6.14,10.68,225.84,0.03,131.34,abnormal
6.19,49.41,86.4,0.74,245.01,normal
5.7,59.26,155.03,0.11,177.0,normal
2.82,53.92,117.87,0.21,188.94,normal
6.31,43.58,139.46,0.16,82.22,normal
3.24,45.99,247.87,0.85,172.82,normal
7.1,56.81,858.07,0.61,119.74,abnormal
5.94,44.96,245.3,0.75,224.93,normal
6.47,81.15,123.76,0.07,229.34,abnormal
4.37,58.56,180.15,0.75,98.49,normal
7.15,45.52,156.65,0.23,226.18,normal
2.1,90.18,222.25,0.7,84.27,abnormal
5.56,50.01,101.81,0.72,194.71,normal
5.45,56.35,189.23,0.88,166.53,normal
12.49,42.07,81.36,0.89,164.2,abnormal
6.15,42.3,161.39,0.04,115.36,normal
4.09,45.74,825.85,0.41,117.34,abnormal
2.79,55.55,86.34,0.01,110.35,normal
7.09,47.63,90.9,0.72,94.69,normal
2.16,57.94,228.69,0.11,205.76,normal
7.18,46.67,146.89,0.36,191.4,normal
3.98,46.75,195.18,0.47,50.46,normal
2.47,51.47,117.13,2.28,191.16,abnormal
3.13,53.92,147.41,0.22,64.5,normal
4.23,57.7,577.97,0.18,215.76,abnormal
6.02,42.71,225.86,0.19,141.5,normal
4.44,53.12,83.18,0.23,140.15,normal
5.03,53.86,216.17,0.4,214.31,normal
2.2,55.83,248.06,0.65,192.15,normal
7.16,47.63,749.54,0.05,227.22,abnormal
5.88,59.45,154.49,0.29,143.16,normal
2.23,44.16,134.15,0.16,157.31,normal
4.2,40.94,107.54,0.56,238.86,normal
4.03,48.97,137.25,0.87,234.46,normal
3.21,50.41,106.06,0.79,51.86,normal
3.98,51.47,98.33,0.2,51.99,normal
3.18,48.17,154.97,0.73,74.57,normal
4.74,58.66,81.82,5.42,78.4,abnormal
5.66,55.02,133.58,0.9,61.33,normal
4.22,41.12,240.07,0.17,96.17,normal
6.62,56.32,109.01,0.03,104.17,normal
2.79,42.54,130.32,2.27,244.44,abnormal
6.45,59.99,211.0,0.09,193.54,normal
6.78,45.85,229.78,0.06,1314.32,abnormal
7.5,45.18,230.13,0.46,205.24,normal
7.5,52.84,197.47,0.32,102.09,normal
6.72,52.01,226.59,0.93,60.01,normal
5.25,50.74,236.48,0.15,185.53,normal
4.04,57.44,90.9,0.16,169.76,normal
5.51,53.76,145.5,0.76,106.35,normal
5.04,54.79,241.02,0.49,175.44,normal
6.62,41.53,111.67,0.13,67.19,normal
5.19,59.32,87.13,0.7,246.5,normal
6.84,54.85,88.5,0.92,245.2,normal
7.13,57.26,162.4,0.69,209.59,normal
2.91,42.07,982.97,0.62,188.89,abnormal
3.91,57.71,209.93,0.49,84.53,normal
4.95,47.76,123.27,0.22,140.88,normal
4.16,45.79,104.54,0.38,125.38,normal
6.87,51.82,189.83,0.85,88.47,normal
6.42,53.85,218.8,0.2,107.98,normal
7.26,56.67,131.8,0.84,149.82,normal
7.53,40.23,158.99,0.8,52.06,normal
6.1,55.32,196.34,0.07,203.22,normal
6.73,48.96,123.75,0.7,86.33,normal
5.95,43.2,229.2,0.74,132.82,normal
4.71,49.96,134.21,0.17,232.41,normal
2.11,41.61,147.89,0.54,78.35,normal
2.17,47.38,203.27,0.16,168.51,normal
3.94,57.29,237.92,0.41,58.41,normal
3.89,53.3,178.87,0.23,98.87,normal
6.87,52.92,109.3,0.62,109.33,normal
3.08,48.63,92.92,0.66,174.7,normal
6.01,46.79,113.07,0.72,94.61,normal
7.11,40.87,177.56,0.85,94.89,normal
18.19,41.67,224.59,0.09,215.77,abnormal
4.23,45.92,192.67,0.88,192.25,normal
7.22,50.87,171.08,0.99,109.59,normal
6.58,42.19,135.54,0.56,61.7,normal
3.83,42.67,222.26,0.0,208.92,normal
7.57,58.31,164.63,0.64,146.09,normal
5.12,55.52,243.16,0.64,106.35,normal
3.86,54.91,181.28,0.72,717.71,abnormal
2.67,42.82,238.13,0.81,85.81,normal
2.1,53.8,87.73,0.16,100.59,normal
7.84,45.63,162.55,0.51,225.99,normal
6.2,42.24,160.08,0.61,80.68,normal
5.53,51.88,184.2,0.58,155.37,normal
5.08,43.98,205.01,0.02,93.87,normal
4.46,54.75,206.67,0.71,62.48,normal
3.18,43.23,137.23,0.54,87.71,normal
3.93,40.93,217.63,0.27,227.26,normal
6.26,58.71,731.89,0.16,133.59,abnormal
3.03,55.57,210.44,0.06,140.22,normal
4.59,56.45,208.57,0.93,221.56,normal
5.33,57.79,229.94,0.5,228.59,normal
7.3,44.08,218.47,0.41,199.4,normal
5.81,57.67,243.79,0.91,200.01,normal
3.06,49.1,122.13,0.55,243.03,normal
7.84,43.8,192.85,0.79,90.23,normal
5.65,41.98,171.9,0.51,244.16,normal
3.12,54.74,203.81,0.06,145.37,normal
6.59,58.82,83.36,0.95,146.46,normal
5.9,48.45,186.96,0.37,166.4,normal
7.39,50.76,97.08,0.65,103.28,normal
5.73,49.34,155.58,0.41,142.13,normal
2.66,59.4,151.23,0.85,178.65,normal
3.79,53.21,110.29,0.68,248.14,normal
2.9,47.82,142.67,0.95,129.85,normal
3.02,57.4,177.71,0.09,114.73,normal
5.7,51.86,231.49,0.16,115.23,normal
6.03,52.57,81.54,0.44,109.57,normal
7.17,40.45,125.58,0.48,202.97,normal
5.54,59.94,90.7,0.44,173.75,normal
5.37,51.06,181.2,0.31,185.94,normal
4.11,52.36,177.07,0.41,65.05,normal
6.82,56.04,223.99,0.11,142.41,normal
4.75,58.87,138.37,0.4,166.3,normal
2.64,47.62,211.99,0.53,103.04,normal
6.75,43.33,188.8,0.81,225.17,normal
3.03,56.71,247.72,0.16,77.91,normal
4.38,45.8,182.31,0.06,217.97,normal
5.21,45.05,168.41,0.77,50.11,normal
5.33,57.5,882.7,0.33,111.02,abnormal
5.31,52.38,205.27,0.26,220.92,normal
4.09,59.68,541.94,0.15,242.03,abnormal
7.49,40.94,116.19,0.68,194.04,normal
4.42,51.84,227.8,0.6,179.01,normal
7.81,47.15,129.77,0.56,203.45,normal
4.63,50.83,223.59,0.99,136.4,normal
5.02,49.6,202.57,0.02,73.66,normal
4.49,52.85,85.94,0.11,200.02,normal
7.33,42.46,119.26,0.92,110.6,normal
-1.39,58.76,146.88,0.27,118.59,abnormal
7.41,48.02,235.81,0.16,238.0,normal
6.72,42.52,135.01,0.34,169.47,normal
-3.11,48.51,110.3,0.94,86.16,abnormal
3.99,44.31,187.98,0.66,137.92,normal
4.99,49.61,146.1,0.54,186.95,normal
5.58,52.02,135.46,0.1,214.82,normal
3.35,40.12,221.17,0.97,107.49,normal
3.31,43.32,220.91,0.9,61.27,normal
4.37,53.17,240.91,0.93,63.6,normal
4.83,58.46,188.82,0.63,142.66,normal
6.63,50.72,172.75,0.25,119.3,normal
6.05,51.08,109.06,0.58,111.05,normal
4.08,54.26,133.15,0.41,245.5,normal
4.21,41.68,91.32,0.34,60.45,normal
13.63,51.99,123.92,0.45,103.85,abnormal
4.2,44.3,211.3,0.3,224.77,normal
7.12,45.92,221.66,0.84,73.82,normal
6.21,59.6,158.11,0.26,219.48,normal
2.22,44.63,166.79,0.03,89.05,normal
4.53,57.48,91.67,0.2,215.1,normal
5.61,43.64,239.18,0.51,151.21,normal
7.48,41.37,215.05,3.92,145.04,abnormal
6.96,48.7,133.71,0.06,86.31,normal
3.83,46.53,192.35,0.93,195.79,normal
6.83,50.24,97.26,0.56,71.48,normal
4.87,45.85,227.79,0.5,197.04,normal
4.27,43.25,217.54,0.59,63.06,normal
3.26,47.92,179.9,0.58,227.73,normal
4.58,59.43,138.05,0.61,165.02,normal
6.14,42.24,170.49,0.55,145.94,normal
5.19,44.68,238.29,0.71,82.75,normal
5.24,48.19,168.75,0.9,84.04,normal
3.66,58.76,212.0,0.3,200.22,normal
5.69,49.16,143.02,0.17,1410.84,abnormal
6.65,49.81,187.97,0.57,200.85,normal
5.11,42.22,180.7,0.18,64.29,normal
4.78,50.78,192.26,0.66,176.24,normal
2.83,50.58,111.88,0.61,221.98,normal
2.09,16.56,178.7,0.3,243.1,abnormal
2.59,45.32,237.41,3.7,202.11,abnormal
7.97,59.64,97.82,0.18,93.53,normal
5.17,46.83,153.85,0.54,205.07,normal
5.66,59.72,221.83,0.08,239.05,normal
2.07,56.42,205.44,0.62,233.38,normal
5.44,56.92,221.68,0.45,1077.09,abnormal
2.89,57.23,237.18,0.59,94.2,normal
2.54,56.58,133.22,0.5,200.17,normal
4.79,54.98,210.7,0.67,89.03,normal
2.12,54.89,100.72,0.24,166.9,normal
7.75,50.65,224.98,0.98,111.47,normal
3.89,42.43,203.0,0.04,61.81,normal
6.96,55.95,225.45,0.72,58.54,normal
7.28,45.99,201.49,0.21,63.94,normal
6.18,55.74,164.35,0.38,130.41,normal
12.17,46.97,202.51,0.4,99.07,abnormal
6.79,41.21,81.21,0.33,114.35,normal
7.05,48.6,142.34,5.82,140.07,abnormal
5.9,57.22,219.47,0.24,147.47,normal
4.08,57.54,97.21,0.29,128.58,normal
2.26,42.68,166.37,0.24,147.23,normal
7.13,50.89,151.71,0.77,125.64,normal
7.48,45.9,168.61,0.38,100.98,normal
6.23,48.24,85.94,0.1,249.84,normal
7.69,52.69,114.81,0.54,213.63,normal
6.97,10.86,143.46,0.12,87.78,abnormal
2.01,49.81,116.38,0.26,147.32,normal
2.81,57.14,228.3,0.26,101.83,normal
2.7,55.1,119.09,0.32,92.28,normal
4.47,55.95,151.13,0.4,189.03,normal
7.16,52.53,197.65,0.0,673.7,abnormal
6.58,45.56,184.32,0.45,103.92,normal
7.77,42.24,200.18,0.83,203.38,normal
7.36,42.72,163.46,0.45,227.65,normal
7.81,56.12,243.18,0.99,207.77,normal
7.03,56.42,211.86,0.77,57.02,normal
3.25,50.08,168.86,0.07,148.68,normal
4.66,54.95,243.51,0.22,96.81,normal
6.57,48.99,221.0,0.09,193.49,normal
5.74,42.25,241.76,0.19,215.18,normal
11.86,42.55,102.65,0.26,83.37,abnormal
3.57,53.1,108.97,0.87,228.89,normal
6.34,47.12,158.51,0.01,201.59,normal
2.34,53.8,197.21,0.84,104.42,normal
2.96,47.42,212.73,0.84,178.65,normal
4.9,52.32,96.79,0.63,78.89,normal
5.26,49.31,179.85,0.74,144.93,normal
7.9,57.31,177.64,0.2,85.49,normal
4.98,45.97,104.51,0.29,103.0,normal
6.04,43.45,96.95,0.53,1121.86,abnormal
3.83,50.52,96.87,0.38,60.05,normal
5.28,48.97,190.98,0.06,235.99,normal
2.19,46.7,214.71,0.39,210.52,normal
2.42,47.21,149.58,0.54,56.24,normal
4.85,46.26,90.19,0.49,77.31,normal
7.79,40.52,676.84,0.62,67.9,abnormal
2.21,49.03,107.24,0.11,158.11,normal
2.25,50.19,230.38,0.66,149.12,normal
2.15,56.47,133.76,0.92,204.69,normal
6.75,59.98,98.86,0.17,211.55,normal
7.01,19.1,132.09,0.41,246.65,abnormal
3.35,46.03,225.66,0.93,76.35,normal
2.56,47.95,104.49,0.18,232.27,normal
2.49,59.09,235.36,0.66,53.4,normal
6.45,48.92,223.24,0.88,125.17,normal
6.05,48.41,186.34,0.32,94.93,normal
4.45,53.03,182.46,0.3,161.44,normal
2.8,58.96,220.62,0.36,1040.05,abnormal
2.22,42.12,177.75,0.11,241.02,normal
7.53,41.82,216.92,0.54,130.92,normal
3.71,52.13,171.1,0.41,145.79,normal
7.27,59.61,194.66,0.13,142.72,normal
15.0,45.38,157.55,0.02,199.84,abnormal
5.94,59.53,246.04,0.11,56.51,normal
7.08,42.61,154.32,0.04,130.73,normal
6.58,58.67,210.65,0.94,90.32,normal
6.38,42.56,113.55,0.33,96.09,normal
5.06,45.41,240.57,0.04,81.54,normal
7.79,48.2,126.63,0.19,192.88,normal
2.4,43.33,206.39,0.49,237.76,normal
2.09,58.05,80.25,0.21,93.56,normal
2.11,50.38,122.27,0.29,192.86,normal
3.44,42.22,80.82,0.52,164.35,normal
8.0,42.43,100.25,0.8,54.63,normal
2.55,51.35,206.04,2.61,97.02,abnormal
3.21,49.13,221.38,0.67,239.01,normal
4.76,54.33,87.6,0.01,209.03,normal
5.26,56.85,93.97,0.85,231.95,normal
8.0,47.77,86.91,0.02,169.35,normal
5.09,53.69,549.42,0.12,69.36,abnormal
7.72,41.65,96.34,0.88,113.67,normal
5.33,47.39,124.05,0.5,201.85,normal
2.9,75.36,188.11,0.8,182.95,abnormal
3.22,55.25,127.21,0.41,139.3,normal
5.45,51.94,128.18,0.89,104.67,normal
4.65,54.32,96.23,0.55,103.4,normal
2.1,42.79,210.9,0.91,187.74,normal
2.83,44.45,155.95,0.92,107.8,normal
7.77,47.82,85.73,0.35,227.45,normal
6.13,58.1,159.49,0.79,121.7,normal
3.87,29.02,117.79,1.0,53.48,abnormal
2.96,41.89,211.17,0.95,160.33,normal
5.29,53.73,239.51,0.63,207.26,normal
5.39,80.74,227.27,0.4,226.67,abnormal
5.61,44.38,124.97,0.41,60.76,normal
3.45,42.87,94.73,0.09,225.8,normal
0.9,42.54,204.95,0.93,135.44,abnormal
2.75,53.1,124.96,0.53,124.85,normal
4.58,55.03,118.15,0.81,228.24,normal
3.55,47.64,87.82,5.5,181.02,abnormal
4.51,14.38,187.78,0.38,243.28,abnormal
2.53,44.73,142.21,0.72,209.71,normal
3.85,56.91,124.11,0.35,1461.1,abnormal
8.0,50.7,107.74,0.32,70.31,normal
6.96,53.36,111.16,0.45,50.76,normal
4.51,56.18,238.94,0.93,206.63,normal
2.78,59.67,242.59,4.49,138.39,abnormal
5.27,50.21,223.53,5.16,108.69,abnormal
2.48,43.19,90.22,0.21,53.01,normal
7.6,56.13,131.56,0.57,248.68,normal
-3.59,57.28,217.99,0.31,111.45,abnormal
6.43,47.57,105.9,0.11,67.38,normal
4.6,45.06,205.5,0.36,121.38,normal
3.03,59.4,192.19,0.28,106.61,normal
6.6,42.02,200.74,0.49,89.11,normal
5.19,49.27,80.43,0.67,96.7,normal
6.06,55.78,165.08,0.86,211.26,normal
5.17,45.54,216.23,0.54,248.61,normal
7.2,40.37,223.95,0.82,248.59,normal
2.97,57.56,132.87,0.66,105.79,normal
3.12,57.26,100.14,0.4,112.19,normal
5.17,40.08,240.81,0.5,70.1,normal
7.23,47.7,247.87,0.2,62.5,normal
2.63,48.93,220.77,0.62,232.48,normal
2.54,45.52,239.52,0.21,233.8,normal
2.7,42.14,197.28,0.75,167.94,normal
5.91,48.3,212.71,0.1,176.07,normal
7.56,55.21,239.78,0.68,173.37,normal
2.31,50.15,96.75,0.65,219.08,normal
6.93,46.57,141.99,0.01,74.1,normal
4.63,44.47,170.12,0.71,54.53,normal
5.17,57.34,666.18,0.74,144.33,abnormal
5.59,41.12,118.54,0.11,133.1,normal
5.32,50.24,212.46,0.47,216.96,normal
3.22,51.91,208.89,0.63,126.84,normal
6.65,50.71,162.48,0.84,58.06,normal
7.18,57.99,404.18,0.8,159.41,abnormal
6.3,47.33,139.82,0.87,150.1,normal
5.91,53.38,129.84,0.8,76.99,normal
-4.03,56.48,146.42,0.04,248.66,abnormal
6.58,51.03,223.98,0.26,183.28,normal
6.81,53.64,140.61,0.44,188.02,normal
7.1,58.29,142.0,0.75,225.49,normal
3.93,54.72,222.58,0.89,214.69,normal
2.03,58.55,116.99,0.36,245.85,normal
5.14,45.16,212.9,0.28,711.88,abnormal
2.68,50.76,117.76,0.14,158.37,normal
2.4,40.47,131.24,0.11,135.02,normal
2.45,40.31,225.89,0.05,70.19,normal
4.86,17.29,217.28,0.55,127.63,abnormal
6.28,44.9,193.52,0.94,222.5,normal
5.3,41.87,135.39,0.82,226.09,normal
4.99,45.19,248.92,0.49,214.05,normal
4.55,59.18,134.41,0.25,117.39,normal
7.49,42.22,172.82,0.08,139.81,normal
6.84,42.68,180.69,0.77,149.55,normal
4.17,43.1,225.19,0.64,202.49,normal
4.77,44.54,145.17,0.15,207.35,normal
6.43,59.82,211.19,0.42,142.52,normal
4.15,48.83,84.64,0.2,215.38,normal
4.17,56.11,208.3,0.48,248.98,normal
4.89,54.45,116.81,0.49,111.38,normal
2.1,43.71,155.19,0.82,218.11,normal
3.95,49.18,110.78,0.05,162.52,normal
6.62,47.89,169.77,0.98,228.7,normal
5.1,46.01,87.77,0.42,100.13,normal
5.92,47.54,115.17,0.48,63.52,normal
3.24,46.77,203.53,0.97,130.18,normal
2.83,52.07,117.04,0.53,194.41,normal
5.64,48.13,194.21,0.03,102.65,normal
7.96,51.83,540.25,0.06,116.92,abnormal
3.41,40.12,214.0,0.69,238.72,normal
2.87,44.0,151.08,0.08,230.96,normal
4.7,59.03,212.01,0.31,186.36,normal
4.47,41.16,160.53,0.6,142.67,normal
4.07,43.18,224.59,0.59,222.53,normal
6.69,45.19,223.66,0.48,222.06,normal
2.78,54.57,110.64,0.71,85.09,normal
4.89,42.13,92.75,0.46,124.2,normal
5.64,29.37,98.12,0.16,205.89,abnormal
7.3,47.44,129.12,0.84,130.83,normal
2.19,43.51,97.61,0.42,165.72,normal
7.14,43.58,85.03,0.18,132.64,normal
6.77,40.28,998.13,0.89,86.88,abnormal
4.97,41.55,151.79,0.03,64.29,normal
7.32,40.39,116.73,1.0,130.01,normal
7.32,40.79,138.21,0.01,56.58,normal
3.25,48.27,158.0,0.25,105.93,normal
7.12,57.26,154.9,0.56,206.5,normal
3.45,51.1,171.79,0.96,56.5,normal
7.58,45.2,106.57,0.35,195.71,normal
5.3,42.17,182.62,0.74,94.97,normal
2.95,55.16,110.63,0.86,82.01,normal
6.93,44.44,190.88,0.3,204.48,normal
2.36,56.61,202.15,0.45,179.18,normal
4.72,43.32,189.57,0.36,91.08,normal
5.74,52.53,143.52,0.45,50.11,normal
3.81,10.06,207.19,0.99,200.71,abnormal
11.7,50.91,193.07,0.92,163.01,abnormal
-1.43,43.32,211.18,0.9,205.33,abnormal
3.43,40.65,124.04,4.29,56.92,abnormal
7.39,46.97,112.71,0.21,51.31,normal
4.15,40.81,217.63,0.91,211.07,normal
7.84,42.27,230.41,0.23,117.53,normal
6.31,57.95,118.43,0.4,150.86,normal
5.36,53.9,115.39,0.19,205.15,normal
2.97,57.0,147.0,0.16,135.35,normal
5.22,46.94,206.93,0.54,179.02,normal
6.99,55.77,207.95,0.09,225.94,normal
6.68,55.03,146.78,0.91,172.35,normal
7.71,42.36,121.26,0.5,89.62,normal
3.85,47.43,107.21,0.91,126.79,normal
7.2,52.82,176.28,0.9,118.38,normal
15.86,43.62,155.88,0.7,69.97,abnormal
6.34,42.56,152.0,0.95,144.69,normal
7.12,52.59,147.77,0.38,229.46,normal
2.15,52.42,100.48,0.81,95.71,normal
5.56,53.2,229.49,0.9,113.08,normal
2.37,43.32,98.0,0.35,96.05,normal
2.06,41.88,115.68,0.77,70.07,normal
3.8,53.32,88.39,0.85,147.02,normal
5.83,45.22,182.93,0.13,188.48,normal
2.79,59.41,165.29,0.24,213.73,normal
6.05,54.01,171.75,0.11,86.07,normal
13.03,50.85,163.75,0.43,176.81,abnormal
3.19,44.18,119.86,0.17,167.91,normal
4.13,47.16,184.98,0.06,118.06,normal
5.99,59.2,126.74,0.88,116.71,normal
6.71,54.7,170.17,0.83,158.3,normal
6.2,89.21,161.23,0.4,84.38,abnormal
3.6,49.65,191.94,0.78,122.48,normal
6.68,57.5,205.31,2.32,167.12,abnormal
2.95,43.67,139.56,0.75,156.66,normal
6.77,58.68,148.97,0.76,247.77,normal
5.31,43.77,209.28,0.88,179.22,normal
7.67,55.86,121.77,0.27,107.49,normal
5.56,55.76,182.93,0.66,128.88,normal
4.66,42.69,147.75,0.26,216.21,normal
7.03,59.26,141.42,0.19,63.35,normal
5.88,40.38,119.37,0.07,197.46,normal
3.32,47.41,114.13,0.62,76.89,normal
4.78,41.74,180.62,0.38,51.16,normal
7.79,58.64,104.41,0.49,57.45,normal
4.4,58.47,207.22,0.83,60.98,normal
2.78,45.63,200.48,4.85,120.8,abnormal
3.95,49.26,113.98,0.42,138.94,normal
2.88,44.46,98.93,0.98,227.21,normal
2.69,52.86,214.74,0.26,192.51,normal
2.82,79.0,96.85,0.35,229.99,abnormal
7.49,43.93,110.38,0.47,228.95,normal
4.86,48.4,236.16,0.03,221.73,normal
3.51,45.85,186.02,0.05,105.49,normal
2.42,46.56,137.83,0.51,138.28,normal
7.08,52.39,175.99,2.69,189.47,abnormal
3.01,51.21,155.7,0.27,103.46,normal
3.01,45.37,152.83,0.34,89.27,normal
5.44,48.97,209.35,0.01,121.79,normal
5.22,54.91,144.35,0.76,133.6,normal
3.69,49.35,113.64,0.43,191.22,normal
2.07,59.15,181.26,0.23,224.88,normal
3.88,54.84,125.55,0.09,195.22,normal
6.68,52.07,221.99,0.03,206.2,normal
2.47,53.44,88.48,0.49,179.51,normal
2.56,44.44,165.88,0.91,102.38,normal
2.31,54.55,94.0,0.75,218.65,normal
7.27,80.13,150.4,0.47,185.89,abnormal
3.4,51.07,217.55,0.96,63.43,normal
7.29,41.74,143.37,0.52,171.79,normal
2.36,49.06,237.17,0.17,218.62,normal
5.1,46.69,198.58,0.65,217.53,normal
3.74,44.72,150.02,0.88,56.65,normal
-0.76,48.88,235.52,0.59,99.13,abnormal
4.9,48.8,115.87,0.82,144.2,normal
7.43,50.96,103.06,0.73,134.13,normal
7.47,22.85,211.94,0.61,204.22,abnormal
5.88,48.62,117.07,0.76,185.25,normal
2.28,49.41,114.89,0.41,110.94,normal
6.18,53.87,227.64,0.5,146.32,normal
6.45,46.3,249.02,0.32,54.38,normal
3.82,42.76,220.83,0.69,61.74,normal
5.37,55.3,210.02,0.55,130.29,normal
2.18,47.82,111.76,0.06,63.95,normal
5.47,59.24,232.37,0.01,88.33,normal
5.49,55.33,166.52,0.62,184.58,normal
5.22,43.19,100.4,0.15,190.49,normal
3.22,56.09,158.82,3.83,232.88,abnormal
4.54,56.61,183.83,0.17,167.46,normal
3.24,53.91,171.05,0.95,96.88,normal
6.63,59.15,131.42,0.99,1101.5,abnormal
3.69,55.5,183.78,0.42,55.36,normal
3.08,52.34,219.32,0.44,50.4,normal
5.64,43.25,249.89,0.23,232.49,normal
3.67,55.73,217.99,0.7,206.56,normal
6.93,41.51,203.2,0.11,144.3,normal
13.86,47.54,188.95,0.66,185.56,abnormal
5.87,51.6,208.45,0.9,60.36,normal
7.11,57.65,178.76,0.72,78.38,normal
2.56,40.03,963.69,0.77,72.89,abnormal
5.59,43.12,187.24,0.04,225.97,normal
5.08,50.79,167.99,0.9,242.19,normal
2.96,43.0,108.15,0.95,160.05,normal
6.62,56.66,223.22,0.33,239.31,normal
2.12,42.95,166.3,0.58,117.78,normal
5.85,49.34,126.85,0.08,157.97,normal
5.55,42.25,181.97,0.89,221.72,normal
4.83,47.84,82.64,0.03,76.69,normal
5.75,49.13,188.05,0.8,248.85,normal
6.04,57.65,127.7,0.22,210.61,normal
5.91,52.84,136.78,0.52,214.26,normal
2.04,43.57,205.08,0.3,182.38,normal
3.79,53.15,143.57,0.41,53.71,normal
7.56,59.14,157.95,0.25,86.53,normal
4.71,56.46,956.11,0.06,172.01,abnormal
4.69,42.64,208.22,0.24,113.65,normal
3.85,47.04,117.79,0.76,755.84,abnormal
6.2,56.3,214.26,0.78,105.68,normal
3.46,48.0,199.29,0.84,229.77,normal
2.71,57.49,176.89,1.0,99.75,normal
7.63,48.0,105.89,0.2,75.43,normal
4.29,56.14,182.73,0.62,155.79,normal
2.44,47.46,132.77,0.82,243.56,normal
7.43,42.7,88.58,0.26,1104.83,abnormal
2.99,48.21,185.38,0.01,133.39,normal
4.72,58.63,179.18,0.18,228.51,normal
7.91,58.17,241.16,0.66,80.86,normal
6.75,54.68,548.77,0.32,160.57,abnormal
7.84,51.12,158.88,0.5,172.18,normal
6.69,40.25,100.64,0.25,84.53,normal
7.2,45.03,183.36,0.25,115.47,normal
6.48,59.52,181.91,0.15,75.21,normal
2.03,41.33,130.57,0.65,181.64,normal
4.39,56.8,203.14,0.94,241.32,normal
5.91,44.54,85.74,0.28,237.16,normal
3.8,40.33,167.82,0.57,114.28,normal
5.26,42.65,180.54,4.16,178.89,abnormal
4.3,43.2,213.6,0.94,77.09,normal
5.73,89.19,105.73,0.52,96.71,abnormal
2.19,58.65,248.87,0.43,238.48,normal
7.66,51.17,185.47,0.13,237.54,normal
6.66,58.42,246.43,2.14,247.55,abnormal
5.2,57.59,94.48,0.66,99.2,normal
5.69,18.18,239.2,0.43,116.64,abnormal
6.55,53.03,204.53,0.96,108.08,normal
3.49,93.79,163.43,0.12,82.67,abnormal
2.44,43.88,192.28,0.32,130.94,normal
4.98,49.92,189.2,0.07,248.12,normal
3.35,41.72,177.85,0.66,243.2,normal
4.0,52.44,222.09,0.6,64.2,normal
4.91,44.2,86.85,0.3,86.77,normal
7.98,45.5,156.25,0.55,50.02,normal
4.59,48.88,242.99,0.42,75.73,normal
7.92,58.46,230.43,0.69,144.09,normal
6.66,52.17,213.69,0.63,245.49,normal
7.12,59.5,95.27,0.7,242.2,normal
5.23,46.94,125.56,0.38,244.32,normal
6.88,51.17,140.18,0.0,119.26,normal
6.37,56.16,134.56,0.84,102.11,normal
5.71,53.38,122.31,0.67,234.37,normal
4.95,49.46,88.6,0.01,99.17,normal
2.08,46.23,231.77,0.12,105.26,normal
6.57,52.08,214.04,0.55,85.64,normal
2.14,44.18,145.05,0.77,203.44,normal
2.24,50.27,235.61,0.54,129.87,normal
7.83,54.87,192.21,0.53,512.45,abnormal
2.94,53.96,95.39,0.9,106.5,normal
5.6,57.34,202.8,0.34,133.5,normal
7.6,52.1,159.63,0.26,54.13,normal
17.62,56.81,162.85,0.51,242.99,abnormal
7.95,40.85,108.59,0.98,193.13,normal
5.69,50.82,202.89,0.69,227.15,normal
3.33,41.84,195.73,0.91,212.15,normal
2.58,50.74,174.1,0.56,118.58,normal
3.45,53.16,98.94,0.66,56.47,normal
6.1,59.76,104.95,3.25,170.12,abnormal
2.04,49.55,126.35,0.71,109.25,normal
7.75,41.13,170.41,0.89,204.52,normal
-4.52,55.01,129.18,0.75,214.57,abnormal
6.38,51.53,151.61,0.79,210.78,normal
0.24,43.6,135.54,0.76,125.19,abnormal
3.39,40.27,207.34,0.07,156.92,normal
4.24,56.26,234.23,0.01,231.37,normal
2.29,58.56,88.81,0.24,129.25,normal
6.98,47.42,101.98,0.53,178.21,normal
4.57,56.75,186.05,0.59,52.19,normal
2.26,42.37,108.03,0.81,97.45,normal
4.19,40.47,124.59,0.16,90.01,normal
4.23,49.35,181.57,2.93,72.42,abnormal
3.12,47.85,88.42,0.72,136.08,normal
7.8,46.98,218.5,0.49,109.06,normal
6.87,59.63,180.39,0.14,113.8,normal
7.78,45.63,128.5,0.33,152.76,normal
2.1,51.22,202.12,0.6,119.57,normal
3.27,57.73,223.7,0.76,129.63,normal
7.2,51.94,196.59,0.15,148.66,normal
3.89,48.15,82.05,0.97,131.68,normal
7.04,46.19,151.92,0.45,109.27,normal
-0.45,58.04,149.04,0.13,120.66,abnormal
5.02,75.54,143.66,0.2,50.87,abnormal
6.08,52.7,95.33,0.5,68.78,normal
4.08,48.8,90.51,0.13,101.13,normal
3.47,46.53,155.2,0.27,191.93,normal
6.47,44.28,195.6,0.32,1438.97,abnormal
2.33,54.45,473.86,0.93,65.99,abnormal
5.15,51.51,147.64,0.96,237.35,normal
5.48,18.59,146.02,0.12,97.01,abnormal
5.64,45.28,193.99,0.46,1046.94,abnormal
6.12,40.98,111.58,0.24,199.22,normal
4.84,54.62,172.15,0.24,51.2,normal
5.38,43.28,182.59,0.43,98.38,normal
6.9,53.8,182.63,0.48,207.23,normal
5.39,57.21,129.15,0.04,223.72,normal
3.44,78.28,147.11,0.8,242.83,abnormal
7.16,53.05,123.91,0.44,233.69,normal
6.25,44.48,170.94,0.34,78.14,normal
6.12,40.43,95.97,0.69,50.03,normal
3.13,55.22,109.78,0.28,77.66,normal
5.96,22.09,169.3,0.89,51.82,abnormal
3.99,46.42,94.3,0.84,188.01,normal
4.33,58.3,155.24,0.44,187.95,normal
3.21,59.19,101.13,0.0,216.47,normal
7.91,44.27,106.3,0.77,136.5,normal
6.67,58.27,163.77,0.47,93.67,normal
7.32,20.12,243.22,0.95,130.36,abnormal
4.87,58.51,155.3,0.21,122.3,normal
6.79,46.7,133.24,0.62,209.23,normal
3.73,54.56,86.39,0.47,191.61,normal
2.79,49.92,83.15,0.65,136.87,normal
4.2,43.34,157.09,0.14,163.83,normal
7.56,56.61,82.34,0.04,191.32,normal
5.05,59.64,187.83,0.79,238.77,normal
3.57,48.23,92.07,4.29,103.45,abnormal
5.87,44.18,168.86,0.22,167.41,normal
6.08,54.97,222.57,0.71,218.42,normal
2.46,51.97,200.03,0.43,167.86,normal
3.89,46.27,227.35,0.6,210.09,normal
6.94,55.5,154.21,0.22,76.36,normal
5.54,57.86,97.24,0.1,193.72,normal
7.61,50.67,190.66,0.66,232.05,normal
3.73,58.66,118.76,0.02,189.96,normal
4.7,54.83,247.91,0.88,77.49,normal
5.55,50.62,235.62,0.94,110.03,normal
7.57,43.23,147.61,0.46,150.8,normal
7.08,55.49,169.48,0.91,75.75,normal
5.86,52.98,89.83,0.66,244.51,normal
4.33,40.99,198.58,0.99,89.99,normal
5.45,47.4,132.01,0.75,164.99,normal
7.22,45.42,84.17,0.68,153.06,normal
5.74,51.35,215.45,0.19,185.65,normal
2.02,52.42,236.12,0.15,128.99,normal
7.04,41.19,229.61,0.42,126.84,normal
2.59,46.45,233.15,0.73,186.88,normal
3.67,49.99,237.55,0.95,114.49,normal
4.15,49.87,96.98,0.97,100.95,normal
2.03,41.05,169.04,0.34,207.38,normal
5.19,42.66,196.16,0.36,132.94,normal
3.95,43.08,231.6,0.86,102.0,normal
5.53,49.45,130.34,0.14,219.61,normal
5.18,58.24,249.68,0.02,205.11,normal
6.92,57.35,204.13,0.45,241.67,normal
2.27,52.44,217.68,0.27,233.26,normal
4.47,43.47,215.54,0.33,59.7,normal
5.21,40.61,183.48,0.87,199.34,normal
6.01,40.24,210.93,0.64,214.73,normal
4.91,56.89,219.62,0.58,147.4,normal
7.94,86.1,98.62,0.36,171.88,abnormal
3.79,58.29,158.89,0.35,204.01,normal
4.95,59.76,245.53,0.01,114.37,normal
7.72,51.46,195.06,0.89,166.9,normal
5.29,42.81,247.04,0.0,193.45,normal
2.88,57.44,225.62,0.8,243.89,normal
5.18,59.5,103.79,0.52,172.1,normal
3.15,16.24,86.95,0.1,198.82,abnormal
4.83,50.65,158.25,0.61,241.13,normal
3.85,50.27,152.31,0.27,231.81,normal
2.95,40.07,168.74,0.72,217.82,normal
5.85,57.48,198.38,0.81,105.29,normal
2.96,52.93,117.36,0.97,135.87,normal
4.16,50.97,201.79,0.76,83.15,normal
4.88,58.56,115.66,0.85,138.69,normal
4.3,43.64,180.36,0.66,178.45,normal
4.23,59.63,170.04,0.89,202.87,normal
5.0,45.9,104.94,0.38,122.36,normal
3.87,52.46,180.93,0.02,134.08,normal
2.8,54.5,117.41,0.47,140.06,normal
5.48,59.61,230.26,0.23,185.86,normal
2.22,56.25,209.69,0.43,214.78,normal
5.25,52.76,89.46,0.89,780.57,abnormal
4.68,46.46,124.11,0.63,139.03,normal
3.88,51.87,93.16,0.82,222.98,normal
6.11,56.86,207.32,0.46,63.26,normal
3.92,52.05,174.83,0.3,151.99,normal
6.27,47.81,148.85,0.55,151.11,normal
4.66,44.11,83.89,0.16,53.38,normal
2.48,44.76,147.86,0.11,72.9,normal
6.01,40.56,224.45,0.74,159.44,normal
2.6,58.57,190.0,0.54,178.72,normal
6.57,50.21,102.75,5.23,179.77,abnormal
7.49,47.76,209.27,0.97,57.33,normal
4.73,42.64,161.78,0.15,160.97,normal
5.64,44.62,126.73,0.71,182.55,normal
3.82,58.04,236.62,0.24,816.18,abnormal
3.97,50.22,150.34,0.52,195.92,normal
7.85,46.77,197.39,0.01,147.37,normal
2.61,43.42,216.92,0.9,93.6,normal
4.04,40.85,223.51,0.32,185.22,normal
2.76,41.87,161.33,0.6,225.43,normal
3.64,56.44,124.78,0.31,246.37,normal
2.63,41.53,90.86,0.89,240.19,normal
6.21,55.05,239.16,0.98,208.66,normal
-2.6,59.81,99.35,0.63,128.71,abnormal
5.61,54.87,749.67,0.44,224.54,abnormal
5.23,57.47,104.16,0.64,110.51,normal
3.6,48.53,129.63,0.41,144.61,normal
2.15,55.23,119.42,0.77,195.13,normal
3.79,40.43,153.44,0.94,172.63,normal
6.55,50.12,115.41,0.12,166.46,normal
4.72,58.34,182.24,0.7,79.46,normal
2.63,47.87,175.13,0.74,192.13,normal
6.98,46.63,142.61,0.71,110.86,normal
6.93,44.53,131.01,0.38,248.53,normal
5.3,52.54,123.23,0.25,136.57,normal
7.68,58.21,130.98,0.79,219.31,normal
4.33,54.54,138.71,0.63,121.35,normal
2.49,52.54,125.51,0.93,235.82,normal
2.38,40.06,82.23,0.16,83.12,normal
2.56,51.29,92.21,0.83,107.34,normal
-0.27,46.0,126.49,0.48,189.81,abnormal
5.54,56.35,114.58,0.49,139.95,normal
7.98,51.83,202.22,0.13,131.01,normal
7.98,59.42,211.01,0.03,80.31,normal
4.09,58.66,85.03,0.73,1085.14,abnormal
3.12,51.16,112.06,0.38,141.94,normal
4.27,48.31,154.04,0.08,77.91,normal
4.36,44.81,109.56,0.95,56.41,normal
7.03,42.67,198.82,0.22,172.74,normal
2.43,59.77,203.28,0.97,160.75,normal
4.15,24.81,95.94,0.86,172.85,abnormal
5.81,45.52,148.61,0.27,55.38,normal
3.47,57.17,90.65,0.3,129.09,normal
7.29,42.8,217.53,0.81,72.01,normal
4.94,42.56,117.09,0.57,206.46,normal
7.43,47.63,184.1,0.33,166.53,normal
3.1,53.71,143.86,0.88,212.38,normal
2.27,44.33,225.91,0.79,212.87,normal
7.84,54.86,136.87,0.06,194.4,normal
7.62,59.37,212.51,0.93,101.16,normal
4.89,43.61,234.8,0.23,50.16,normal
3.45,44.67,122.96,0.36,125.59,normal
2.5,53.73,129.71,0.83,79.76,normal
3.56,55.63,157.86,0.52,167.93,normal
2.38,57.5,81.37,0.01,114.45,normal
4.97,48.71,96.11,0.19,189.67,normal
5.01,41.2,202.92,0.54,243.01,normal
3.24,41.69,95.66,0.06,95.77,normal
4.48,52.63,240.7,0.01,209.69,normal
4.74,40.91,194.14,0.63,114.02,normal
3.98,49.08,88.99,0.64,180.34,normal
7.18,56.44,191.61,0.24,211.73,normal
7.65,43.58,206.32,0.01,56.65,normal
2.33,59.18,153.4,0.34,179.41,normal
2.11,46.53,221.26,0.17,1240.9,abnormal
6.73,40.55,149.51,0.04,113.01,normal
6.43,51.33,83.25,0.98,130.36,normal
0.09,50.39,101.88,0.85,105.58,abnormal
3.92,57.38,179.81,0.18,85.22,normal
2.84,40.55,243.35,0.74,201.5,normal
17.58,45.12,132.15,0.22,70.21,abnormal
3.05,43.63,144.4,0.97,209.32,normal
6.4,45.08,221.51,0.41,106.66,normal
3.83,50.01,130.73,0.8,171.88,normal
2.03,45.27,167.04,0.43,103.52,normal
6.38,51.67,140.62,0.44,140.76,normal
5.75,57.34,121.23,0.66,160.03,normal
3.06,49.44,119.45,0.4,204.88,normal
3.07,47.67,243.17,0.37,116.5,normal
4.93,92.94,243.28,0.37,99.26,abnormal
2.36,58.32,150.8,0.11,144.55,normal
-3.5,56.98,198.65,0.16,225.63,abnormal
7.69,58.48,146.95,0.72,183.38,normal
5.37,53.97,198.95,0.41,202.38,normal
5.31,46.78,549.9,0.29,225.49,abnormal
7.94,49.88,180.71,0.3,117.75,normal
5.85,57.27,198.63,0.42,89.3,normal
7.59,46.48,116.13,0.66,132.16,normal
6.49,44.93,178.22,0.41,70.25,normal
2.88,51.31,180.34,0.24,171.68,normal
6.72,41.54,457.71,0.86,184.76,abnormal
2.61,57.94,167.6,0.2,142.38,normal
2.14,56.13,160.58,0.38,144.31,normal
6.98,40.08,96.22,0.54,134.72,normal
5.32,54.23,174.51,0.14,196.38,normal
2.71,59.58,246.44,0.4,89.29,normal
6.7,48.84,111.27,0.64,217.67,normal
7.95,52.66,146.06,0.7,118.89,normal
7.5,43.83,98.51,0.14,236.15,normal
5.78,46.01,529.14,0.82,102.45,abnormal
19.93,42.2,189.15,0.7,126.65,abnormal
4.76,52.41,156.75,0.67,132.34,normal
-3.69,44.41,98.86,0.1,127.93,abnormal
6.71,51.42,99.31,0.78,99.38,normal
6.39,40.68,208.24,0.19,96.32,normal
-2.14,53.32,221.65,0.66,91.02,abnormal
5.2,42.01,87.75,0.56,209.43,normal
6.37,59.1,227.05,0.49,93.3,normal
3.51,50.89,97.63,0.01,106.59,normal
5.54,53.15,211.18,0.05,112.31,normal
0.36,40.77,170.04,0.83,133.45,abnormal
2.71,58.32,249.87,0.75,64.47,normal
2.24,45.84,100.74,0.85,90.11,normal
6.46,46.58,174.1,0.89,249.28,normal
3.18,48.51,198.21,0.57,184.26,normal
7.64,51.83,114.92,0.54,61.75,normal
4.88,57.1,230.24,0.79,73.2,normal
6.23,51.66,132.6,5.39,53.24,abnormal
7.44,53.38,80.73,0.97,154.15,normal
2.53,41.84,102.53,0.53,220.22,normal
2.82,49.69,198.52,0.77,171.51,normal
7.09,17.37,144.7,0.86,87.5,abnormal
5.32,59.28,86.38,0.64,110.33,normal
7.92,42.44,178.19,0.29,749.5,abnormal
4.09,57.54,92.94,0.24,234.02,normal
2.31,51.94,153.67,0.66,127.71,normal
3.52,46.89,108.43,0.32,201.53,normal
3.87,41.5,103.62,0.36,147.31,normal
7.61,49.33,172.28,0.7,105.18,normal
7.46,48.52,182.77,0.51,246.39,normal
7.89,40.61,98.01,0.99,190.15,normal
4.71,58.78,235.89,0.21,122.81,normal
7.32,57.03,111.32,0.64,67.28,normal
4.43,55.21,141.48,0.37,101.8,normal
2.14,10.86,129.99,1.0,234.2,abnormal
3.33,59.74,144.27,0.65,242.2,normal
2.24,89.01,155.66,0.81,225.39,abnormal
5.83,56.25,149.56,0.6,184.46,normal
6.56,49.72,171.17,2.03,131.53,abnormal
6.32,42.43,227.93,0.66,78.0,normal
2.89,43.5,106.35,0.01,105.54,normal
2.93,43.85,249.99,0.59,109.43,normal
2.55,54.53,174.22,0.45,210.51,normal
7.34,42.04,99.63,0.25,183.4,normal
7.67,46.29,134.18,0.78,138.6,normal
6.6,50.61,102.31,0.83,208.31,normal
2.71,54.0,193.03,0.96,161.3,normal
6.56,50.48,84.97,0.93,53.44,normal
7.37,42.05,128.91,0.87,238.64,normal
2.46,46.66,209.04,0.79,152.11,normal
3.58,49.39,149.7,0.45,1232.76,abnormal
5.3,43.51,189.07,0.67,235.27,normal
4.31,55.12,164.61,0.91,178.5,normal
7.97,49.29,179.48,0.12,645.91,abnormal
5.96,54.51,202.18,0.25,233.54,normal
6.32,51.93,82.34,0.81,160.51,normal
6.71,21.85,132.03,0.77,158.95,abnormal
5.46,54.73,221.8,0.6,135.99,normal
6.14,47.19,106.05,0.61,158.64,normal
2.4,40.97,136.37,0.46,96.71,normal
4.23,57.87,94.11,0.32,138.83,normal
3.34,53.28,91.75,0.59,160.37,normal
3.32,40.41,127.66,0.48,129.69,normal
5.84,56.98,130.28,0.3,204.77,normal
7.46,46.46,228.99,0.01,106.4,normal
6.46,58.02,109.6,0.3,50.95,normal
2.48,54.19,132.33,0.72,118.4,normal
5.6,16.55,137.47,0.46,219.17,abnormal
2.17,43.48,164.83,0.81,52.99,normal
4.21,41.23,249.45,0.21,181.43,normal
4.03,52.0,141.0,0.93,219.66,normal
5.23,56.21,169.31,0.23,105.91,normal
-1.37,47.85,233.82,0.69,170.02,abnormal
2.6,45.91,106.69,0.14,76.2,normal
4.44,50.83,210.75,0.91,121.84,normal
3.06,48.12,182.7,0.47,248.1,normal
3.33,42.52,140.34,0.03,93.09,normal
5.52,50.0,131.35,0.78,214.26,normal
2.91,48.36,194.14,0.05,165.29,normal
3.27,52.38,163.2,0.49,170.74,normal
5.88,43.68,178.9,0.34,69.89,normal
7.05,47.53,202.05,0.28,148.45,normal
4.21,59.4,132.55,0.73,165.87,normal
7.39,44.54,128.56,0.78,195.39,normal
-0.54,41.66,145.46,0.63,143.09,abnormal
6.61,45.7,144.06,0.44,107.59,normal
2.08,54.8,184.54,0.94,120.55,normal
6.2,42.09,93.65,0.45,149.79,normal
4.57,41.17,110.06,0.47,1396.33,abnormal
2.75,55.68,107.22,0.09,190.06,normal
5.28,48.14,92.61,0.72,61.97,normal
2.42,42.28,161.34,0.55,235.47,normal
5.78,49.56,152.69,0.34,77.1,normal
4.92,50.78,179.58,0.07,77.61,normal
5.1,45.69,167.15,0.41,232.32,normal
3.72,43.04,132.97,0.02,55.78,normal
4.72,46.73,234.42,0.57,157.57,normal
0.24,54.06,92.44,0.14,137.47,abnormal
5.76,57.03,144.6,0.21,244.18,normal
5.21,45.16,163.45,0.55,210.29,normal
4.05,41.43,247.52,0.9,233.87,normal
2.57,55.58,193.44,0.03,127.57,normal
6.2,47.86,111.28,0.45,208.6,normal
7.32,41.27,104.56,0.18,105.93,normal
0.77,58.19,163.13,0.83,184.53,abnormal
6.51,52.27,246.16,0.26,138.26,normal
4.56,43.29,218.4,0.58,191.63,normal
2.13,48.14,103.48,0.01,132.66,normal
5.4,46.54,170.75,0.33,71.97,normal
2.33,48.43,101.48,0.45,133.58,normal
5.58,44.63,134.33,0.02,138.17,normal
3.54,57.55,227.3,0.07,165.11,normal
7.21,53.13,233.18,0.19,207.48,normal
4.96,51.0,225.7,0.93,189.85,normal
2.04,58.21,245.32,0.72,142.73,normal
2.7,85.4,198.68,0.05,54.85,abnormal
5.67,42.68,129.74,0.56,218.18,normal
-0.35,43.86,189.67,0.88,188.68,abnormal
6.22,46.33,202.02,0.39,900.2,abnormal
2.07,43.94,187.12,0.67,219.74,normal
6.85,48.53,80.74,0.07,77.66,normal
2.91,56.43,222.97,0.89,194.01,normal
5.02,45.37,145.91,0.25,242.94,normal
3.23,55.05,151.89,0.45,165.25,normal
6.74,43.33,246.14,0.54,131.09,normal
5.83,53.95,144.8,0.85,178.02,normal
7.5,57.81,229.04,0.6,54.81,normal
3.68,24.3,88.84,0.87,79.11,abnormal
6.58,41.87,175.87,0.22,59.98,normal
7.34,40.02,98.41,0.33,128.3,normal
6.72,50.61,197.46,0.71,62.0,normal
0.71,54.67,178.1,0.76,197.06,abnormal
5.83,41.23,90.44,0.24,119.71,normal
5.05,41.52,116.31,0.33,154.49,normal
3.65,52.91,161.14,0.46,120.45,normal
2.25,52.78,97.53,0.4,236.28,normal
4.68,49.74,218.66,0.55,57.22,normal
2.22,57.77,874.19,0.66,130.96,abnormal
6.16,52.92,114.72,0.7,137.19,normal
5.1,47.79,246.76,0.52,134.48,normal
5.43,56.53,145.51,0.36,197.17,normal
5.98,43.2,91.16,0.87,193.88,normal
7.82,85.73,143.74,0.26,178.72,abnormal
4.09,46.54,199.95,0.55,99.38,normal
-1.53,51.87,209.38,0.16,81.84,abnormal
2.85,49.36,212.05,0.48,161.91,normal
3.98,56.29,237.94,0.43,146.98,normal
18.15,55.53,81.1,0.79,118.19,abnormal
6.95,43.58,208.17,0.43,162.04,normal
3.53,41.39,143.07,0.74,62.25,normal
7.25,47.41,130.97,0.11,97.71,normal
4.8,43.81,235.6,0.54,162.86,normal
7.32,56.85,188.61,0.77,94.75,normal
3.0,49.68,160.77,3.82,199.38,abnormal
2.73,55.2,129.72,0.32,188.66,normal
5.02,47.8,80.19,0.6,51.72,normal
-4.56,56.55,201.78,0.28,88.69,abnormal
4.93,57.77,243.93,0.35,181.73,normal
5.97,59.71,95.97,0.62,1427.92,abnormal
4.56,42.41,178.54,0.63,71.67,normal
5.66,47.0,147.79,0.77,131.34,normal
5.66,53.63,169.08,0.23,107.51,normal
2.1,54.27,105.9,0.94,217.93,normal
4.28,54.25,113.37,0.46,700.29,abnormal
2.76,41.76,92.91,0.26,246.81,normal
4.75,47.24,128.37,0.67,134.27,normal
4.01,55.77,179.75,0.08,238.94,normal
6.21,40.88,147.48,0.83,80.28,normal
5.02,42.69,139.27,0.57,91.79,normal
4.81,46.73,157.47,0.56,220.78,normal
3.73,50.01,115.19,0.49,67.85,normal
3.7,48.06,176.92,0.82,126.88,normal
5.03,48.26,187.71,0.85,1178.78,abnormal
2.93,57.53,95.58,0.99,148.97,normal
5.94,48.47,104.86,0.52,112.08,normal
3.58,57.78,233.28,0.99,149.61,normal
2.02,56.22,197.17,0.73,181.57,normal
4.35,40.99,131.71,0.75,207.98,normal
5.54,51.19,137.45,0.21,78.65,normal
7.73,14.06,89.69,0.64,195.1,abnormal
7.39,91.9,234.63,0.38,192.55,abnormal
3.2,40.26,234.2,0.06,57.54,normal
6.92,51.77,91.21,0.44,72.79,normal
7.64,57.07,170.39,0.04,155.35,normal
-2.98,59.04,90.96,0.54,238.67,abnormal
5.75,41.01,205.73,0.05,102.5,normal
4.66,48.49,121.22,0.42,84.08,normal
15.12,56.22,103.86,0.14,177.04,abnormal
4.09,59.68,209.38,0.3,141.77,normal
3.54,49.16,80.64,0.35,193.56,normal
6.97,59.96,86.18,0.35,159.7,normal
6.68,44.89,226.54,0.43,235.97,normal
5.71,45.8,103.72,0.56,247.49,normal
2.84,48.44,119.57,1.0,196.69,normal
2.17,54.57,148.94,0.49,145.79,normal
4.97,47.96,938.77,0.66,158.54,abnormal
7.56,18.65,169.41,0.66,121.51,abnormal
5.93,57.58,212.99,0.16,234.86,normal
2.95,48.5,153.95,0.51,188.23,normal
6.2,43.89,189.41,0.09,129.03,normal
3.01,51.01,188.94,0.68,192.83,normal
14.64,51.62,121.11,0.32,157.09,abnormal
4.05,49.53,159.03,0.43,244.91,normal
4.28,40.5,222.56,0.91,123.87,normal
2.15,40.59,92.31,0.71,237.01,normal
4.64,57.84,212.72,0.33,160.29,normal
2.42,56.46,180.34,0.95,120.5,normal
6.81,50.69,155.04,0.65,218.3,normal
4.57,41.12,190.75,0.77,50.87,normal
3.57,51.89,188.56,0.52,139.44,normal
4.95,52.79,248.71,0.63,178.51,normal
5.54,40.36,97.28,0.88,117.98,normal
5.86,47.83,186.35,0.49,84.18,normal
2.14,53.23,182.12,0.15,86.23,normal
3.13,52.09,219.54,0.63,53.14,normal
2.25,55.65,164.74,0.2,238.08,normal
6.71,58.09,190.71,0.42,101.91,normal
4.71,44.78,240.68,0.73,107.66,normal
6.85,49.9,212.92,0.09,178.4,normal
4.35,53.27,181.59,0.9,185.66,normal
2.3,82.61,233.55,0.79,122.38,abnormal
7.64,44.38,136.15,0.07,126.16,normal
5.29,50.73,219.86,0.35,224.8,normal
6.49,45.35,113.71,0.3,198.28,normal
7.64,47.06,173.0,0.43,82.0,normal
4.97,48.68,146.58,0.3,112.64,normal
7.16,56.23,160.37,0.52,50.92,normal
5.65,44.87,211.43,0.65,204.29,normal
3.31,56.58,122.81,0.24,245.08,normal
5.58,46.74,171.05,0.36,202.63,normal
3.91,41.19,249.07,0.03,84.97,normal
4.78,54.66,81.39,0.46,106.07,normal
5.62,43.92,87.77,3.87,95.46,abnormal
7.44,56.89,180.35,0.27,207.69,normal
5.77,53.71,121.09,0.93,62.69,normal
5.35,47.02,140.24,0.68,187.83,normal
3.8,46.87,191.85,0.96,68.84,normal
3.36,41.29,234.51,0.6,204.36,normal
6.11,56.49,207.6,0.62,216.49,normal
2.47,54.43,233.96,0.11,97.8,normal
2.18,59.88,108.37,0.36,226.98,normal
2.89,48.68,194.86,0.91,211.22,normal
6.15,50.47,164.3,0.53,160.8,normal
4.09,46.84,93.64,0.63,136.28,normal
5.62,58.18,93.74,0.23,68.75,normal
7.41,46.09,220.9,0.31,186.85,normal
6.19,58.48,151.04,0.47,158.76,normal
4.73,44.95,122.53,0.1,218.69,normal
3.9,49.51,243.76,0.72,1262.5,abnormal
6.57,45.15,97.26,0.75,55.75,normal
2.71,59.51,191.35,0.39,52.82,normal
2.36,51.42,94.25,0.83,98.1,normal
3.41,52.37,137.12,0.07,198.95,normal
4.01,89.25,202.59,0.82,157.97,abnormal
0.49,54.08,151.19,0.23,210.77,abnormal
3.29,55.63,220.72,4.12,161.21,abnormal
5.01,92.0,95.38,0.29,80.45,abnormal
5.65,44.85,130.62,0.05,185.9,normal
6.71,44.75,121.87,0.13,122.36,normal
4.27,43.7,183.64,0.11,116.25,normal
6.49,52.57,112.99,0.09,220.17,normal
3.79,48.72,184.56,0.23,209.11,normal
5.92,43.14,246.82,0.48,618.7,abnormal
3.92,48.16,196.16,0.11,184.63,normal
2.76,58.06,243.19,0.81,231.94,normal
2.97,42.23,152.65,0.69,66.68,normal
5.02,44.57,185.15,0.16,168.74,normal
5.4,41.51,134.78,0.22,142.1,normal
2.68,40.54,103.27,0.51,140.24,normal
5.86,46.93,181.13,0.62,195.8,normal
3.18,45.09,134.03,0.01,247.64,normal
6.66,47.55,217.18,0.24,148.87,normal
7.32,54.9,132.65,0.35,61.06,normal
5.02,49.05,147.42,0.24,205.82,normal
5.63,54.38,114.97,0.41,187.95,normal
3.79,41.38,200.87,0.15,207.76,normal
2.58,41.51,121.41,0.55,76.43,normal
2.29,55.01,97.02,0.24,125.06,normal
3.86,42.98,96.75,0.54,159.38,normal
3.42,40.63,173.53,0.2,196.24,normal
4.32,42.43,212.55,0.41,915.34,abnormal
5.22,53.53,195.64,0.65,190.28,normal
4.28,40.25,207.34,0.59,806.26,abnormal
4.89,40.92,83.93,0.13,101.4,normal
6.68,59.33,235.27,0.46,136.74,normal
4.19,55.89,215.06,0.67,217.59,normal
3.08,49.18,169.94,0.08,72.03,normal
6.52,52.44,215.75,0.3,101.91,normal
5.63,42.84,147.22,0.34,214.54,normal
4.72,49.97,120.18,0.45,186.87,normal
6.53,50.02,150.6,0.14,135.13,normal
4.4,42.69,148.29,0.83,234.73,normal
3.31,40.51,141.79,0.21,69.69,normal
7.11,49.56,128.7,0.99,83.17,normal
6.12,58.55,209.44,0.29,126.16,normal
3.78,47.82,144.81,0.49,90.96,normal
3.78,53.6,92.18,0.46,205.83,normal
3.04,53.42,143.68,0.3,95.35,normal
7.94,54.74,115.23,0.92,102.39,normal
3.5,46.26,171.57,0.57,168.63,normal
12.16,51.02,212.5,0.23,55.66,abnormal
4.92,52.07,188.92,0.4,95.4,normal
4.07,59.51,206.96,2.58,240.99,abnormal
2.68,52.88,689.53,0.06,115.97,abnormal
2.39,58.16,88.48,0.74,187.12,normal
2.49,49.03,101.81,0.16,145.96,normal
2.12,50.73,155.88,0.58,247.78,normal
2.32,56.55,136.89,0.45,172.56,normal
6.36,53.12,221.55,0.48,106.97,normal
5.75,41.14,107.41,0.87,71.29,normal
3.67,57.07,214.39,0.99,121.19,normal
5.32,50.69,97.34,0.94,243.58,normal
4.96,52.64,196.4,0.96,191.31,normal
3.46,59.86,114.02,0.09,169.28,normal
7.0,83.97,110.26,0.87,132.88,abnormal
3.83,48.21,162.96,0.56,64.21,normal
7.35,50.51,197.26,0.59,166.15,normal
4.35,59.56,108.34,0.05,202.72,normal
2.08,41.54,248.49,0.35,209.07,normal
2.69,44.44,247.22,0.19,234.18,normal
3.45,49.4,226.37,0.33,165.68,normal
2.27,53.78,221.91,0.24,184.51,normal
6.5,47.43,212.01,0.5,118.35,normal
7.81,57.35,195.61,0.92,159.63,normal
2.92,57.01,249.86,0.22,176.42,normal
3.93,59.22,138.14,0.44,104.47,normal
6.2,43.69,174.8,0.88,175.87,normal
3.52,49.87,151.57,2.72,237.01,abnormal
7.95,54.13,148.99,0.04,189.24,normal
5.43,45.22,123.9,0.82,194.67,normal
3.91,41.88,146.23,0.78,170.62,normal
6.63,49.41,147.99,0.66,117.53,normal
16.51,48.57,192.47,0.36,207.65,abnormal
2.81,45.55,203.99,0.56,199.85,normal
3.06,42.15,162.19,0.78,87.64,normal
6.56,41.86,148.08,0.06,225.47,normal
5.73,43.84,152.89,0.03,188.48,normal
5.94,54.13,245.69,0.71,86.05,normal
3.03,43.41,224.67,0.27,187.67,normal
6.75,54.44,217.83,0.06,184.74,normal
6.4,48.68,132.45,0.01,228.31,normal
6.75,45.8,108.59,0.76,160.55,normal
-0.98,53.36,106.75,0.28,211.7,abnormal
2.04,52.02,154.67,0.35,228.89,normal
6.01,50.3,191.75,0.98,133.31,normal
5.68,51.52,97.52,0.49,88.48,normal
6.24,57.95,159.47,0.32,216.16,normal
7.03,59.8,196.34,0.62,151.71,normal
4.31,41.52,233.31,0.78,55.43,normal
4.3,52.33,110.81,0.58,248.02,normal
7.74,44.84,144.98,0.38,166.62,normal
5.6,25.51,176.87,0.23,157.45,abnormal
3.5,56.7,186.27,0.54,200.9,normal
2.1,52.42,119.18,0.79,75.36,normal
7.15,45.88,144.35,0.67,152.48,normal
4.46,44.03,130.98,0.52,170.9,normal
3.25,82.42,239.64,0.74,126.25,abnormal
6.39,85.15,211.93,0.36,107.59,abnormal
6.36,43.53,240.44,0.94,160.9,normal
4.7,44.08,219.6,0.02,222.39,normal
6.55,51.19,233.58,0.52,174.29,normal
3.63,59.71,161.53,0.63,51.65,normal
6.84,52.1,243.23,0.28,91.91,normal
7.04,49.41,135.78,0.26,74.92,normal
3.21,40.75,180.63,0.59,104.79,normal
7.7,44.25,126.71,0.28,195.95,normal
6.0,50.33,153.72,0.45,157.78,normal
4.74,48.17,98.1,0.7,221.03,normal
7.18,57.1,179.32,0.09,102.17,normal
2.49,40.53,208.98,0.8,102.14,normal
7.59,48.96,137.24,0.48,858.5,abnormal
3.95,53.05,93.02,0.73,134.48,normal
2.58,49.83,129.73,0.56,194.64,normal
3.7,44.15,244.14,0.61,177.93,normal
5.1,40.37,245.99,0.93,114.84,normal
4.01,48.18,225.67,0.58,1448.39,abnormal
3.87,42.71,201.03,0.9,230.25,normal
4.61,49.43,199.51,0.59,229.9,normal
2.75,59.18,223.56,0.33,246.07,normal
3.44,46.47,199.97,0.49,198.91,normal
7.25,46.02,248.76,0.07,132.25,normal
5.1,45.75,121.56,0.75,221.89,normal
4.31,46.46,139.63,0.02,1339.9,abnormal
2.48,55.28,154.68,0.58,170.22,normal
6.84,52.97,80.26,0.29,234.13,normal
0.44,58.07,163.25,0.35,125.21,abnormal
7.35,47.75,150.54,0.05,88.86,normal
3.52,53.6,115.92,0.6,130.59,normal
4.27,54.77,121.58,0.1,64.39,normal
-3.67,48.79,151.69,0.48,218.44,abnormal
7.3,26.76,230.6,0.3,223.28,abnormal
7.32,43.46,150.29,0.14,99.0,normal
5.23,53.93,166.6,0.9,160.85,normal
6.88,15.3,164.29,0.77,124.87,abnormal
3.72,44.79,128.49,0.5,116.86,normal
7.09,48.92,158.15,0.25,215.17,normal
6.52,44.8,146.18,0.42,145.06,normal
7.23,40.45,227.32,0.42,120.94,normal
4.67,43.99,95.01,0.32,144.24,normal
6.66,41.19,180.02,0.79,178.67,normal
7.11,54.77,215.37,0.37,121.41,normal
3.45,45.81,124.78,0.24,246.64,normal
5.93,48.45,121.82,0.95,232.76,normal
0.65,48.6,85.42,0.68,233.09,abnormal
7.17,40.74,159.29,0.86,164.12,normal
2.36,44.91,132.3,0.99,183.13,normal
2.47,52.0,210.12,0.5,168.31,normal
3.89,41.61,173.1,0.68,113.66,normal
7.77,55.75,127.04,0.43,112.39,normal
4.69,58.47,166.82,0.76,131.67,normal
2.0,54.41,204.62,0.41,184.24,normal
4.3,57.71,200.39,2.06,124.57,abnormal
4.42,59.56,179.65,0.02,178.38,normal
6.31,54.03,197.58,0.0,86.1,normal
4.98,58.17,225.41,0.32,217.64,normal
5.74,48.45,235.49,0.07,60.96,normal
7.25,50.64,143.94,0.31,111.51,normal
-1.69,56.76,123.07,0.73,150.07,abnormal
4.73,57.29,220.69,0.0,115.46,normal
2.62,58.6,206.87,0.67,233.26,normal
5.03,52.9,222.51,0.99,157.45,normal
6.2,57.19,150.32,0.93,222.91,normal
2.57,41.8,114.6,0.37,151.1,normal
2.85,50.28,113.25,0.9,244.1,normal
5.21,41.57,115.71,0.62,155.45,normal
5.83,53.88,163.12,0.6,118.75,normal
5.72,56.18,168.83,0.71,185.48,normal
0.83,51.08,143.77,0.36,153.77,abnormal
2.66,49.21,208.84,2.71,157.61,abnormal
15.88,46.22,209.57,0.57,159.55,abnormal
2.25,41.11,113.33,0.53,213.82,normal
-3.45,54.07,246.95,0.17,232.95,abnormal
5.65,47.4,158.76,0.84,245.61,normal
5.53,58.47,109.48,4.06,80.95,abnormal
2.54,76.74,203.03,0.09,99.89,abnormal
5.85,47.25,224.33,0.95,114.15,normal
2.35,46.15,81.74,0.44,67.59,normal
7.36,52.33,230.96,0.41,172.78,normal
6.61,46.4,149.15,0.84,136.43,normal
3.83,59.76,131.61,0.78,198.4,normal
5.55,42.83,239.59,0.86,169.59,normal
2.33,46.14,93.95,0.62,196.75,normal
4.52,42.09,198.11,0.38,178.14,normal
2.56,41.18,208.14,0.84,190.46,normal
2.79,53.28,102.78,0.74,130.9,normal
6.95,58.5,105.83,0.08,212.11,normal
5.83,43.41,212.97,0.84,163.7,normal
2.88,50.58,187.34,0.5,209.93,normal
6.47,40.22,176.68,0.14,209.93,normal
7.62,52.67,163.69,0.76,160.25,normal
6.22,43.16,85.19,0.96,182.2,normal
5.35,87.31,204.95,0.25,88.27,abnormal
2.73,52.2,95.02,0.33,230.19,normal
3.99,59.92,230.38,0.8,54.61,normal
7.69,47.99,217.02,0.04,1052.42,abnormal
7.61,43.64,82.17,0.78,219.44,normal
4.71,91.09,197.74,0.61,118.21,abnormal
2.14,57.41,187.88,0.97,166.88,normal
4.35,53.76,114.72,0.09,127.79,normal
4.13,56.11,117.49,0.56,156.17,normal
6.37,17.62,152.35,0.98,245.33,abnormal
3.43,44.12,192.03,0.05,179.43,normal
0.06,40.46,94.99,0.1,195.38,abnormal
4.29,58.44,161.94,0.59,183.08,normal
7.29,55.07,184.62,0.21,53.34,normal
6.56,54.61,225.66,0.52,209.53,normal
6.38,51.2,241.63,0.57,111.61,normal
6.52,45.19,217.51,0.73,241.41,normal
4.64,51.22,180.05,0.88,241.46,normal
3.29,41.13,175.95,0.73,75.22,normal
4.96,56.16,123.49,0.51,153.41,normal
5.17,55.4,221.9,0.33,187.75,normal
7.35,47.35,192.8,0.66,182.71,normal
-1.85,43.29,171.21,0.0,202.79,abnormal
2.93,47.47,87.09,0.9,152.85,normal
6.36,53.63,221.41,0.48,131.9,normal
2.11,58.98,127.35,0.8,93.76,normal
3.68,46.51,177.72,0.33,579.35,abnormal
3.2,58.75,134.8,0.34,207.46,normal
5.77,58.48,199.0,0.49,157.49,normal
3.66,59.34,90.94,0.64,244.15,normal
7.32,58.57,152.85,0.32,74.06,normal
2.71,52.34,163.81,0.26,94.8,normal
4.13,46.37,210.48,0.78,137.17,normal
4.42,50.59,656.06,0.94,51.59,abnormal
5.39,44.13,205.19,0.82,62.21,normal
6.71,56.74,94.6,0.74,165.12,normal
2.93,58.44,104.58,0.52,201.86,normal
3.29,55.45,182.03,0.48,132.04,normal
5.77,55.33,154.1,0.69,240.98,normal
7.25,59.42,126.68,0.79,89.31,normal
2.03,56.77,136.72,0.22,199.55,normal
7.29,47.98,247.75,0.49,235.71,normal
3.64,57.62,138.66,0.59,228.5,normal
7.34,49.69,125.44,0.75,248.11,normal
2.83,42.72,186.95,0.75,129.02,normal
6.76,52.48,90.7,0.6,80.63,normal
7.89,48.18,205.61,0.93,80.71,normal
6.43,43.41,94.53,0.88,121.48,normal
7.32,55.69,222.53,0.22,99.18,normal
4.98,46.8,134.4,0.14,232.84,normal
4.5,44.35,183.25,0.4,178.27,normal
6.49,40.05,175.4,0.78,54.48,normal
4.06,53.33,231.93,0.7,237.63,normal
2.39,49.67,142.96,0.15,185.52,normal
2.58,46.14,212.73,0.34,184.44,normal
3.65,50.83,168.4,0.67,98.91,normal
4.02,51.41,126.26,0.44,120.1,normal
5.49,40.73,83.19,0.33,195.06,normal
6.76,44.2,222.01,0.22,203.17,normal
5.94,42.04,226.17,0.8,84.94,normal
2.02,51.65,210.51,0.86,60.75,normal
7.7,44.82,227.07,0.35,121.99,normal
2.75,41.02,88.12,0.12,116.61,normal
4.73,44.57,128.92,0.96,98.08,normal
7.37,45.25,171.22,0.13,120.48,normal
7.77,46.74,123.28,0.22,104.07,normal
4.93,41.9,170.77,0.88,874.09,abnormal
5.99,43.03,226.32,0.54,243.35,normal
2.11,55.5,207.48,0.79,217.34,normal
5.59,56.66,141.56,0.5,180.72,normal
2.93,57.96,170.25,0.91,175.61,normal
3.16,43.35,116.28,0.74,207.42,normal
4.66,46.01,159.05,0.25,211.37,normal
5.8,11.92,204.02,0.49,167.97,abnormal
6.84,53.87,245.61,0.12,119.86,normal
4.04,40.83,201.19,0.5,106.68,normal
4.41,42.45,84.32,0.61,127.66,normal
4.76,52.32,85.31,0.85,201.6,normal
2.21,47.66,177.37,0.65,164.92,normal
4.59,51.95,240.51,0.31,185.98,normal
6.22,42.2,215.68,0.58,206.12,normal
6.62,58.47,152.12,0.4,100.0,normal
4.57,60.0,142.56,4.7,121.21,abnormal
4.45,49.78,157.26,0.13,157.67,normal
2.51,44.27,216.14,0.82,200.66,normal
2.45,43.79,182.61,0.91,111.98,normal
3.86,52.29,153.48,0.85,234.58,normal
6.27,54.54,150.39,0.77,226.89,normal
5.12,75.45,199.61,0.85,228.26,abnormal
2.31,49.13,202.56,0.8,204.84,normal
4.19,56.28,146.27,0.03,84.82,normal
0.69,53.39,120.34,0.73,211.96,abnormal
6.67,41.37,230.68,0.86,1023.09,abnormal
5.5,41.77,101.46,0.13,89.22,normal
2.45,52.53,108.29,0.87,211.02,normal
2.65,49.78,189.12,0.57,245.69,normal
5.71,46.12,246.05,5.04,140.3,abnormal
5.77,47.55,143.29,0.21,124.96,normal
3.68,58.49,98.59,0.1,204.49,normal
7.1,58.1,138.24,0.21,234.27,normal
7.8,53.74,104.55,0.21,215.11,normal
2.6,51.86,155.58,0.95,135.77,normal
2.6,55.57,127.51,0.5,66.05,normal
2.81,40.56,92.67,0.66,98.77,normal
3.6,41.19,96.57,0.18,83.8,normal
4.34,43.91,166.39,0.88,128.98,normal
7.45,40.92,177.41,0.99,182.28,normal
2.65,50.87,211.83,0.38,198.09,normal
4.9,53.08,197.14,0.07,133.21,normal
2.88,15.64,169.0,0.52,162.18,abnormal
2.62,47.8,177.63,0.04,227.21,normal
4.32,45.95,135.85,0.4,172.95,normal
2.66,52.26,148.22,0.32,231.24,normal
5.66,40.41,213.39,0.25,209.52,normal
5.39,54.19,162.71,0.02,109.67,normal
5.97,42.29,243.43,0.45,60.62,normal
6.42,47.48,177.56,0.19,248.69,normal
4.35,59.09,158.6,0.18,242.15,normal
15.98,52.75,147.66,0.14,224.93,abnormal
6.78,12.81,99.22,0.57,235.84,abnormal
6.25,49.11,214.75,0.51,78.31,normal
3.39,55.45,620.83,0.23,150.7,abnormal
6.09,52.43,94.06,0.41,139.73,normal
7.11,84.6,137.47,0.25,164.78,abnormal
6.24,42.44,228.93,0.73,110.85,normal
2.53,58.22,121.57,2.35,116.08,abnormal
5.81,54.13,176.26,0.01,94.11,normal
7.17,49.08,163.77,0.49,221.4,normal
3.15,46.91,165.05,0.91,228.65,normal
2.78,58.2,198.77,0.0,68.64,normal
5.25,44.64,187.88,0.56,114.15,normal
4.31,45.18,208.53,0.45,216.55,normal
7.19,48.71,90.31,0.39,94.89,normal
7.73,56.86,238.31,0.8,141.01,normal
7.05,56.86,188.64,0.47,97.27,normal
3.06,51.6,151.43,0.83,195.06,normal
6.53,50.0,246.6,0.99,118.06,normal
3.81,45.62,170.67,0.04,110.69,normal
6.35,14.34,99.9,0.09,118.89,abnormal
4.05,45.79,162.22,0.46,205.89,normal
7.64,56.35,202.08,0.3,145.46,normal
2.63,41.02,242.07,0.58,128.44,normal
3.74,89.86,151.12,0.46,152.35,abnormal
2.91,47.75,178.02,0.3,117.57,normal
2.15,44.06,81.77,0.51,1456.64,abnormal
7.15,54.83,81.94,0.43,194.71,normal
3.09,57.31,190.49,0.86,63.54,normal
7.59,55.64,160.98,0.62,222.46,normal
4.63,17.49,86.95,0.65,163.9,abnormal
2.87,14.46,159.63,0.18,199.09,abnormal
4.66,53.4,94.52,0.95,201.86,normal
11.3,51.94,109.31,0.66,56.5,abnormal
7.41,58.33,128.86,0.16,88.52,normal
-4.69,42.86,184.85,0.93,100.45,abnormal
6.72,56.29,231.23,0.83,240.39,normal
7.91,45.17,118.52,0.92,129.77,normal
2.78,46.82,171.41,0.39,205.71,normal
2.54,50.12,121.21,0.72,59.71,normal
7.17,45.3,170.28,0.83,117.27,normal
6.68,46.81,98.13,0.96,176.35,normal
5.12,40.2,108.34,0.35,112.2,normal
6.81,46.48,245.65,0.41,248.67,normal
4.0,75.6,174.71,0.97,134.86,abnormal
7.76,50.89,84.66,0.18,95.74,normal
2.78,42.45,230.91,0.92,56.84,normal
7.81,58.07,736.11,0.96,234.5,abnormal
5.46,42.63,217.89,4.26,205.35,abnormal
7.31,49.94,220.48,0.7,100.32,normal
3.86,47.25,149.48,0.58,72.62,normal
4.35,46.01,656.27,0.23,202.05,abnormal
5.04,49.42,83.3,0.08,58.27,normal
3.87,53.7,105.51,0.02,186.22,normal
5.94,40.07,202.94,0.49,109.51,normal
13.98,50.6,185.32,0.66,189.24,abnormal
7.33,48.12,102.37,0.47,180.05,normal
2.59,43.42,195.76,0.57,100.57,normal
2.3,57.35,147.7,0.48,231.71,normal
6.41,58.64,216.85,0.2,164.57,normal
7.71,42.84,120.44,0.56,129.58,normal
2.06,40.98,94.95,0.26,139.09,normal
3.37,48.03,92.83,0.74,156.3,normal
2.6,52.69,81.18,0.36,194.47,normal
4.98,59.62,245.82,0.67,55.54,normal
2.44,42.61,100.26,0.56,159.94,normal
2.76,44.54,105.4,0.57,218.36,normal
5.45,57.02,208.17,0.59,151.1,normal
2.62,50.71,239.44,0.91,232.9,normal
2.46,56.85,216.35,0.65,66.66,normal
7.84,58.08,159.33,0.83,141.9,normal
2.66,55.83,132.66,0.18,162.26,normal
3.43,48.24,145.53,0.35,65.95,normal
-0.84,43.56,191.03,0.95,243.57,abnormal
4.7,55.19,189.78,0.71,961.09,abnormal
6.51,45.94,188.01,0.2,226.67,normal
7.38,50.38,498.87,0.97,125.28,abnormal
4.03,48.12,200.87,0.31,228.87,normal
2.26,43.13,235.68,0.05,1306.08,abnormal
5.2,40.38,130.46,0.29,166.24,normal
2.3,40.61,88.47,0.29,170.28,normal
4.13,44.56,150.58,0.29,83.56,normal
6.68,53.88,103.53,0.37,168.78,normal
-2.52,51.99,89.02,0.76,193.57,abnormal
6.98,59.49,235.1,0.68,79.66,normal
7.67,42.27,158.22,0.82,129.2,normal
4.95,92.33,151.59,0.97,52.55,abnormal
2.39,45.32,236.13,0.8,93.49,normal
5.16,54.74,156.22,0.31,81.58,normal
3.45,55.88,209.48,0.76,173.29,normal
7.47,49.63,161.03,0.93,246.59,normal
5.57,55.79,108.25,0.77,82.71,normal
6.37,44.73,135.16,0.04,90.56,normal
2.1,40.76,245.14,0.06,110.12,normal
2.41,56.81,133.0,0.15,150.65,normal
6.43,46.5,124.17,0.94,192.88,normal
5.85,42.5,185.27,0.6,194.82,normal
6.41,48.86,141.83,0.86,239.22,normal
3.18,59.12,196.26,0.4,53.84,normal
3.27,55.56,180.29,0.18,248.27,normal
5.08,51.16,117.81,0.46,99.62,normal
5.07,57.84,121.87,0.93,96.49,normal
5.77,56.77,115.39,0.18,96.0,normal
7.07,43.05,208.89,0.93,54.33,normal
4.25,54.29,157.97,0.05,96.03,normal
7.5,48.0,101.34,0.82,115.33,normal
4.92,41.8,241.03,0.32,221.84,normal
5.53,59.33,187.79,0.7,104.68,normal
5.89,53.74,130.86,0.34,111.11,normal
5.72,47.43,143.28,0.09,114.15,normal
6.88,58.83,211.02,0.08,68.23,normal
7.86,59.47,138.69,0.02,193.1,normal
6.13,52.22,123.17,0.76,63.68,normal
4.82,46.66,164.53,0.76,121.59,normal
4.59,14.61,242.99,0.63,76.29,abnormal
3.48,56.8,153.2,0.74,76.83,normal
6.02,50.73,142.0,0.95,932.58,abnormal
2.06,55.58,157.89,0.94,112.53,normal
2.33,52.14,192.12,0.5,121.7,normal
5.57,49.21,93.15,0.19,93.15,normal
19.13,50.1,206.68,0.59,71.86,abnormal
3.71,55.09,204.56,0.85,196.54,normal
4.91,50.27,165.14,0.1,168.78,normal
6.8,57.92,191.6,0.39,98.61,normal
4.45,50.17,200.31,0.73,67.72,normal
4.12,48.41,181.3,0.99,175.54,normal
4.29,59.87,208.99,0.54,82.06,normal
5.14,40.24,241.37,0.71,81.32,normal
5.83,51.08,194.45,0.94,108.08,normal
3.16,44.22,151.4,0.02,153.15,normal
6.27,40.58,170.69,0.05,130.07,normal
7.31,55.2,179.28,0.99,124.25,normal
4.08,45.68,173.27,0.41,228.34,normal
4.88,51.29,240.45,0.38,153.02,normal
4.24,57.37,137.4,0.49,70.2,normal
4.13,40.91,193.7,0.8,214.21,normal
3.82,58.52,95.2,0.05,175.16,normal
5.53,42.93,202.36,0.13,155.85,normal
3.99,25.82,120.84,0.47,145.36,abnormal
2.11,44.0,144.35,0.69,146.21,normal
2.97,48.31,143.1,0.55,184.66,normal
2.62,45.25,89.79,0.95,241.06,normal
3.93,53.16,249.45,0.3,248.51,normal
6.47,40.73,175.81,0.92,218.59,normal
4.98,52.62,120.27,0.51,77.02,normal
4.35,40.26,215.72,0.77,99.75,normal
6.03,40.55,178.64,0.29,112.57,normal
5.71,44.52,83.02,0.69,192.77,normal
7.95,51.33,189.45,0.31,104.29,normal
2.92,52.38,197.84,0.36,154.37,normal
2.94,46.74,156.9,0.33,130.84,normal
2.76,40.75,118.16,0.95,57.79,normal
4.81,57.06,245.85,0.1,121.89,normal
5.11,54.73,220.43,0.1,153.32,normal
6.63,50.14,234.4,0.34,132.56,normal
6.26,56.02,224.47,0.22,75.42,normal
3.76,45.51,187.93,0.03,161.37,normal
4.5,46.53,160.52,0.61,215.83,normal
7.13,45.64,131.5,0.01,82.01,normal
5.33,45.02,172.52,0.39,1224.19,abnormal
4.77,49.24,131.03,0.04,238.6,normal
7.23,58.27,85.37,0.15,185.81,normal
6.87,58.4,213.96,0.6,99.71,normal
2.04,41.71,124.83,0.93,207.59,normal
7.0,42.48,461.16,0.58,209.92,abnormal
3.89,58.96,242.59,0.68,78.6,normal
4.92,51.2,193.74,0.21,62.68,normal
3.57,45.62,113.66,0.07,70.73,normal
5.37,42.07,81.65,5.93,234.33,abnormal
3.39,46.3,99.69,0.87,183.7,normal
4.7,50.05,150.39,0.57,104.98,normal
8.0,47.73,97.01,0.66,150.67,normal
2.42,43.96,124.65,0.81,202.59,normal
3.89,42.5,209.98,0.46,182.28,normal
3.61,41.09,203.36,0.03,92.96,normal
3.59,22.36,178.71,0.92,155.05,abnormal
7.66,44.94,98.11,0.23,199.56,normal
2.53,91.32,148.77,0.3,50.86,abnormal
3.34,48.53,217.54,0.35,238.06,normal
5.34,46.95,237.33,0.4,67.52,normal
2.49,59.93,182.44,0.64,109.06,normal
2.99,44.52,86.37,0.93,54.26,normal
3.74,50.42,158.86,0.3,162.29,normal
5.82,56.33,180.46,0.51,153.35,normal
7.39,44.93,217.38,0.03,60.71,normal
4.81,55.07,155.57,5.8,203.04,abnormal
4.88,51.48,132.69,0.2,90.4,normal
14.44,42.07,238.37,0.07,71.32,abnormal
4.54,41.04,86.21,0.62,84.04,normal
3.72,41.72,245.2,0.36,219.84,normal
3.68,44.65,193.15,0.52,182.72,normal
7.91,58.51,143.58,0.16,163.51,normal
6.66,40.53,115.89,0.23,98.76,normal
7.62,41.11,184.92,0.8,166.72,normal
4.43,46.96,202.29,0.72,241.45,normal
5.89,49.13,97.64,0.45,242.31,normal
4.57,58.26,126.42,3.98,194.55,abnormal
-0.24,56.24,219.86,0.85,125.22,abnormal
5.97,56.71,106.08,0.48,212.41,normal
5.98,45.22,93.3,0.93,98.29,normal
6.75,57.89,161.87,0.61,138.06,normal
2.04,47.28,188.98,0.48,95.8,normal
5.65,42.37,201.91,0.39,117.8,normal
6.87,51.15,111.96,0.88,200.02,normal
4.4,56.39,170.97,0.6,53.12,normal
7.86,52.92,141.31,0.0,1373.93,abnormal
3.42,53.23,160.82,0.84,69.81,normal
4.37,59.08,179.14,0.15,114.43,normal
7.11,41.1,84.06,0.92,127.89,normal
2.29,41.6,242.93,0.82,183.44,normal
2.5,46.53,92.55,0.07,167.08,normal
3.55,45.05,211.12,0.62,152.85,normal
2.53,44.62,87.97,0.74,152.4,normal
3.16,57.07,193.22,0.38,164.59,normal
6.08,59.0,235.24,0.82,220.54,normal
3.18,58.64,92.51,0.26,102.48,normal
6.06,58.88,159.25,0.63,175.63,normal
7.41,47.26,133.89,0.42,171.18,normal
2.43,59.83,172.98,0.88,54.2,normal
2.49,54.54,147.6,0.29,146.14,normal
5.78,59.49,117.97,0.03,87.92,normal
2.7,52.56,183.28,0.42,87.85,normal
5.55,48.28,677.46,0.27,217.32,abnormal
6.69,53.33,201.21,0.73,181.72,normal
-0.27,50.67,230.54,0.64,130.46,abnormal
2.61,47.61,182.43,0.46,102.01,normal
3.93,57.2,961.77,0.31,231.4,abnormal
3.54,46.03,168.44,0.76,99.66,normal
4.58,54.07,172.16,0.51,1372.11,abnormal
13.09,59.42,117.53,0.43,54.86,abnormal
2.15,51.24,161.41,0.84,113.45,normal
6.05,55.63,89.48,0.64,127.73,normal
4.89,49.58,183.66,2.69,121.27,abnormal
2.91,54.26,125.3,0.39,97.08,normal
4.47,57.73,244.33,0.4,54.5,normal
3.94,45.94,170.98,0.01,174.5,normal
5.72,51.36,163.25,0.77,194.3,normal
5.43,52.03,141.03,3.96,165.77,abnormal
2.4,59.23,218.74,0.25,140.29,normal
2.44,49.59,116.82,0.39,234.48,normal
6.26,48.51,243.42,0.39,180.59,normal
11.03,47.3,174.45,0.73,82.07,abnormal
6.78,50.86,141.45,0.96,56.41,normal
2.88,59.28,186.81,0.99,1058.62,abnormal
3.34,58.18,226.96,0.8,57.86,normal
6.3,50.5,94.15,0.64,95.91,normal
4.12,58.39,172.61,0.15,50.53,normal
2.38,48.98,83.83,0.29,158.95,normal
6.04,48.74,201.8,0.49,189.64,normal
3.26,47.91,91.26,0.62,196.13,normal
2.55,54.19,83.11,0.36,66.15,normal
5.71,53.77,210.66,0.71,75.76,normal
-0.86,40.26,151.12,1.0,76.93,abnormal
2.23,54.92,169.92,0.0,230.88,normal
6.1,57.54,188.76,0.2,141.38,normal
5.45,59.61,210.48,0.14,241.34,normal
5.64,57.42,200.61,0.22,134.41,normal
5.67,26.72,160.11,0.68,51.85,abnormal
2.01,47.48,234.68,0.06,53.77,normal
4.35,51.61,80.73,0.69,107.48,normal
3.99,40.55,135.96,0.66,147.96,normal
5.48,48.26,197.86,0.52,167.27,normal
2.71,40.12,219.08,0.65,242.86,normal
5.44,54.1,96.78,0.72,89.03,normal
2.97,46.63,107.17,0.24,82.53,normal
7.88,58.71,135.14,0.84,88.62,normal
4.67,46.08,139.47,0.27,61.45,normal
6.28,49.94,148.78,0.94,199.23,normal
5.57,40.93,98.11,0.12,115.92,normal
3.95,50.13,154.02,0.18,139.06,normal
5.23,48.04,117.58,0.98,105.27,normal
7.82,40.4,234.44,0.36,230.48,normal
2.04,55.18,682.53,0.84,136.35,abnormal
7.1,46.19,233.19,0.18,248.33,normal
7.74,46.57,197.66,0.3,196.17,normal
3.09,46.52,214.89,0.56,138.59,normal
5.6,59.65,95.0,0.68,207.05,normal
5.29,40.37,131.93,3.33,132.34,abnormal
7.24,46.5,227.56,0.1,249.46,normal
5.42,57.84,140.63,0.53,142.95,normal
6.54,57.56,192.08,5.86,86.31,abnormal
3.21,54.19,181.17,0.38,51.55,normal
3.63,48.65,207.22,0.13,151.52,normal
5.1,52.35,118.64,0.69,234.14,normal
7.42,54.81,207.11,0.73,164.45,normal
4.87,57.68,223.76,0.13,71.03,normal
6.18,93.7,235.1,0.86,94.07,abnormal
4.91,50.82,168.24,0.35,215.75,normal
6.4,59.26,175.34,0.61,129.31,normal
5.28,55.34,211.91,0.97,143.48,normal
2.31,58.19,176.64,0.65,144.05,normal
3.71,51.65,183.99,0.78,195.6,normal
6.69,46.25,196.28,0.64,100.53,normal
3.66,57.0,87.35,0.4,231.13,normal
4.56,47.71,211.1,0.34,180.84,normal
4.71,47.09,176.57,0.69,56.2,normal
3.55,46.82,190.88,0.52,234.18,normal
7.73,52.74,226.58,0.74,142.41,normal
6.7,59.32,141.86,0.86,140.09,normal
7.53,49.94,150.83,0.99,160.43,normal
5.16,59.92,117.07,0.31,57.79,normal
3.26,59.92,190.87,0.1,1186.71,abnormal
7.74,41.88,236.6,0.64,88.66,normal
5.85,40.05,166.34,0.22,166.77,normal
3.18,54.23,134.66,0.01,230.84,normal
5.53,46.8,242.17,0.33,203.17,normal
3.35,55.3,243.54,0.93,186.68,normal
3.17,49.17,133.31,0.67,116.2,normal
5.74,43.12,181.02,0.05,77.93,normal
3.61,49.75,129.64,0.79,115.95,normal
3.46,47.14,142.58,0.69,247.34,normal
7.89,40.73,149.88,0.47,64.73,normal
3.86,58.74,214.8,0.56,209.86,normal
2.67,43.2,173.67,0.25,182.53,normal
5.81,49.55,204.51,0.79,218.55,normal
4.63,48.1,234.04,0.17,79.89,normal
3.42,54.2,84.49,0.39,783.28,abnormal
4.12,53.42,239.26,0.37,114.77,normal
4.0,42.52,644.73,0.71,135.74,abnormal
4.92,50.78,216.34,0.31,208.72,normal
2.82,48.2,247.65,0.58,170.12,normal
6.94,40.71,168.32,0.69,214.96,normal
4.26,53.21,219.33,0.14,241.98,normal
2.1,58.94,510.26,0.06,138.82,abnormal
2.14,42.08,211.45,0.04,1143.31,abnormal
19.18,41.34,137.93,0.11,57.73,abnormal
7.09,45.06,183.97,0.46,169.83,normal
13.82,54.56,173.71,0.19,97.53,abnormal
3.39,54.69,225.38,0.07,169.25,normal
4.27,52.98,104.94,0.0,117.44,normal
2.51,43.47,151.04,0.87,229.54,normal
2.87,44.66,158.76,0.75,86.37,normal
3.89,52.41,135.11,0.74,157.09,normal
3.0,50.95,104.7,0.4,80.15,normal
5.11,53.87,206.23,0.96,246.17,normal
7.86,51.07,233.26,0.26,190.74,normal
5.48,42.75,229.78,0.49,52.63,normal
6.91,56.44,189.94,0.89,240.16,normal
6.17,45.14,218.82,0.34,122.36,normal
5.3,53.9,159.78,0.55,157.27,normal
2.02,53.94,183.02,0.42,145.71,normal
7.21,59.88,94.69,0.9,152.79,normal
7.72,43.06,132.07,0.4,62.26,normal
5.08,59.78,231.91,0.69,64.24,normal
4.27,42.39,84.56,0.34,223.14,normal
5.1,48.48,136.9,0.73,129.56,normal
6.77,41.49,222.69,0.64,125.6,normal
5.46,47.35,90.9,3.86,154.74,abnormal
-0.43,59.93,102.7,0.68,97.64,abnormal
6.11,41.66,147.81,0.02,165.36,normal
5.7,53.62,174.55,0.52,50.55,normal
4.83,53.84,212.51,0.69,147.18,normal
3.02,84.59,190.31,0.72,60.96,abnormal
2.35,44.52,152.19,0.55,124.6,normal
4.28,53.99,190.18,0.29,66.65,normal
7.85,41.83,237.48,0.57,50.1,normal
2.31,42.12,174.4,0.36,195.3,normal
2.29,46.96,129.14,0.47,187.22,normal
-0.78,52.36,85.57,0.01,184.92,abnormal
7.31,47.29,186.14,0.6,103.81,normal
6.16,53.27,239.3,0.64,223.63,normal
5.57,54.97,156.72,0.31,216.28,normal
2.91,53.26,195.68,0.76,101.58,normal
2.34,41.67,128.32,0.35,193.76,normal
2.24,55.87,195.59,0.37,230.09,normal
-2.25,55.62,184.14,0.23,138.83,abnormal
6.51,54.83,211.15,0.69,139.46,normal
6.46,58.01,210.41,0.0,156.04,normal
6.6,56.17,157.83,0.6,59.29,normal
3.79,54.47,167.76,0.08,104.57,normal
5.09,44.23,219.31,0.34,130.15,normal
2.27,47.11,123.43,0.33,162.99,normal
4.62,43.65,143.56,0.24,79.07,normal
5.55,41.94,99.82,0.69,61.35,normal
4.23,53.86,92.04,0.53,132.07,normal
5.07,51.08,249.23,0.32,94.47,normal
3.46,56.54,150.05,0.5,91.93,normal
4.72,53.89,190.64,0.69,220.28,normal
6.56,57.69,105.13,0.86,102.94,normal
7.81,49.91,238.51,0.01,220.31,normal
6.96,56.45,167.9,0.88,146.85,normal
7.19,54.37,103.95,0.06,201.74,normal
7.83,45.11,203.9,0.28,111.01,normal
3.05,44.96,157.46,0.1,194.21,normal
4.85,55.89,110.64,0.26,578.52,abnormal
4.02,40.95,126.14,0.8,174.3,normal
4.68,28.85,152.74,0.92,153.69,abnormal
5.54,50.84,158.37,0.47,108.64,normal
3.55,49.04,130.13,0.07,105.53,normal
5.66,59.9,202.75,0.58,188.38,normal
7.97,58.34,197.51,0.96,136.99,normal
4.0,59.82,247.94,0.58,100.23,normal
5.62,42.22,904.18,0.84,155.6,abnormal
4.87,44.85,202.19,0.67,131.42,normal
19.81,48.19,216.56,0.14,76.46,abnormal
7.38,59.32,217.94,2.11,133.78,abnormal
5.11,57.33,244.53,0.1,57.02,normal
4.7,58.48,121.02,0.05,217.4,normal
-0.15,58.27,201.63,0.91,63.48,abnormal
5.89,45.69,157.62,0.87,133.67,normal
6.84,42.6,93.0,4.17,52.87,abnormal
3.12,58.08,171.73,0.8,231.23,normal
3.91,57.64,138.94,0.86,116.27,normal
3.39,48.66,200.47,0.3,154.58,normal
5.77,51.02,168.78,0.34,65.21,normal
5.98,54.1,144.81,0.58,232.27,normal
7.71,45.45,180.19,0.71,155.19,normal
5.22,57.81,248.9,0.84,248.03,normal
2.22,43.08,121.23,0.67,217.95,normal
5.7,51.11,233.79,0.09,196.72,normal
-0.53,58.36,115.36,0.43,126.33,abnormal
3.76,55.75,238.01,0.75,159.03,normal
7.67,54.05,212.23,0.19,78.81,normal
4.27,40.58,121.34,0.01,248.79,normal
5.37,56.62,154.4,0.08,198.68,normal
6.0,44.55,117.72,0.64,119.39,normal
7.87,52.73,142.61,2.97,228.14,abnormal
7.72,42.58,216.72,0.84,149.94,normal
2.22,45.09,116.2,0.53,191.14,normal
2.37,42.52,158.59,0.75,183.84,normal
5.3,56.32,217.72,0.92,54.53,normal
6.73,40.84,203.56,0.15,118.44,normal
4.46,52.07,214.26,0.68,246.22,normal
7.35,59.66,190.37,0.29,70.8,normal
5.35,57.08,91.76,0.79,134.27,normal
3.71,57.39,158.24,0.53,218.28,normal
4.28,75.2,243.86,0.28,184.24,abnormal
6.03,49.99,118.8,0.19,678.32,abnormal
2.98,50.89,136.15,0.53,1418.02,abnormal
2.06,56.98,231.5,0.24,172.99,normal
7.04,53.55,567.43,0.16,104.92,abnormal
2.14,51.1,134.92,0.06,75.75,normal
3.35,59.1,177.91,0.03,73.47,normal
5.03,41.82,209.07,0.14,94.77,normal
5.3,41.07,231.49,0.55,249.64,normal
6.04,58.93,142.22,0.22,141.41,normal
3.19,48.07,83.6,0.64,139.97,normal
6.6,41.42,134.19,0.38,171.63,normal
4.21,53.94,178.83,0.9,120.69,normal
5.41,52.23,143.05,0.37,228.21,normal
5.89,53.77,145.74,0.56,176.31,normal
3.8,47.29,231.32,0.84,229.51,normal
5.75,58.84,197.25,0.13,220.65,normal
-0.15,41.23,157.03,0.67,155.92,abnormal
-0.35,41.49,190.52,0.1,63.42,abnormal
3.11,45.99,234.31,0.49,192.11,normal
2.36,44.09,214.21,0.66,144.72,normal
5.74,45.24,114.42,0.51,204.92,normal
7.71,43.77,203.89,0.68,98.39,normal
2.55,43.37,248.64,0.88,107.15,normal
3.04,44.01,211.39,0.23,178.8,normal
2.13,45.01,109.92,0.72,214.55,normal
6.31,88.2,140.11,0.57,166.6,abnormal
2.16,58.5,161.34,0.91,67.71,normal
5.93,58.08,135.24,0.41,67.27,normal
19.55,55.63,114.67,0.3,242.65,abnormal
6.81,89.2,160.41,0.2,170.17,abnormal
4.59,43.52,158.49,0.55,67.44,normal
3.74,42.57,210.56,0.15,204.65,normal
7.3,54.15,165.43,0.99,57.89,normal
7.16,51.21,107.67,0.53,170.47,normal
5.87,54.23,178.33,0.68,110.4,normal
3.13,56.49,98.31,0.58,168.02,normal
2.42,44.34,134.56,0.96,195.41,normal
2.56,59.18,119.7,0.43,222.52,normal
2.32,46.01,237.38,0.88,248.1,normal
10.11,53.1,197.43,0.9,68.45,abnormal
5.04,55.25,129.4,0.32,223.36,normal
6.33,55.63,83.9,0.89,99.8,normal
5.55,83.6,242.89,0.08,228.87,abnormal
4.35,41.16,201.64,0.45,200.23,normal
6.24,53.06,105.84,0.08,125.46,normal
2.71,40.52,113.29,0.5,178.5,normal
2.56,59.45,194.21,0.98,60.97,normal
6.14,48.79,223.97,0.03,87.59,normal
4.27,55.43,436.26,0.4,142.33,abnormal
5.56,45.62,235.38,0.86,243.57,normal
5.63,57.23,103.28,0.77,93.64,normal
2.18,42.16,195.8,0.52,51.78,normal
4.97,58.26,126.64,0.05,134.17,normal
3.3,44.31,85.21,0.75,117.53,normal
4.95,45.71,198.29,0.69,160.41,normal
5.91,44.87,136.96,0.73,218.15,normal
2.85,57.02,135.25,0.54,188.49,normal
5.3,46.75,126.64,0.32,224.05,normal
6.62,57.88,242.32,0.78,242.77,normal
7.17,55.57,541.12,0.5,162.16,abnormal
6.26,43.91,229.27,0.84,88.5,normal
2.1,45.16,541.23,0.26,122.82,abnormal
4.53,55.99,167.93,0.74,238.75,normal
4.36,49.82,95.02,0.04,95.6,normal
4.07,43.37,155.19,0.4,74.37,normal
3.81,50.26,98.85,0.78,100.61,normal
4.64,50.88,200.14,0.71,190.61,normal
14.14,47.62,97.34,0.39,56.21,abnormal
4.25,41.79,183.29,0.4,199.67,normal
4.05,54.19,125.83,0.97,231.95,normal
4.39,59.4,144.56,0.75,234.98,normal
7.95,50.0,95.22,3.07,55.46,abnormal
6.8,45.45,196.62,0.28,117.59,normal
6.05,55.76,84.87,0.23,51.39,normal
5.61,48.27,246.5,0.15,205.09,normal
4.26,51.74,944.26,0.69,188.09,abnormal
6.36,55.32,206.44,0.8,128.12,normal
5.21,53.16,228.71,0.94,114.97,normal
4.71,59.6,179.53,0.26,206.18,normal
2.51,53.66,234.17,0.03,72.7,normal
6.82,55.81,225.54,0.75,239.44,normal
6.9,52.57,175.54,0.19,199.1,normal
4.78,40.31,151.4,0.81,235.59,normal
5.96,46.71,200.67,0.3,86.25,normal
3.71,89.98,152.72,0.33,77.64,abnormal
6.45,53.93,223.24,0.7,120.75,normal
4.85,43.37,81.32,0.01,132.98,normal
7.19,52.97,155.96,0.27,960.96,abnormal
3.71,55.03,179.46,0.23,184.83,normal
6.27,51.02,219.96,0.42,231.89,normal
4.92,41.82,242.44,0.85,60.6,normal
4.79,59.32,97.58,0.68,174.59,normal
4.03,48.1,92.73,0.74,58.19,normal
7.99,58.93,176.27,0.56,67.97,normal
3.04,89.11,188.31,0.89,99.04,abnormal
6.64,55.74,230.79,0.89,90.4,normal
3.01,50.7,160.22,0.36,131.08,normal
7.96,42.49,115.38,0.92,132.91,normal
3.64,49.13,200.87,0.1,66.56,normal
2.78,54.58,247.38,0.84,223.06,normal
16.75,50.43,181.07,0.07,194.31,abnormal
6.37,42.42,248.1,0.12,110.14,normal
3.53,54.25,93.89,0.1,166.5,normal
2.36,51.53,141.75,0.3,196.29,normal
7.51,44.26,204.38,0.77,153.24,normal
5.91,46.73,200.78,0.24,250.0,normal
7.82,51.19,222.59,0.73,141.7,normal
5.36,57.75,187.53,0.34,84.52,normal
-4.48,53.0,211.05,0.83,160.12,abnormal
3.0,49.66,245.17,0.06,131.82,normal
6.37,42.97,153.16,0.91,218.72,normal
3.29,51.42,249.57,0.46,131.97,normal
6.95,50.59,245.77,0.77,50.23,normal
6.1,54.9,81.64,0.76,168.75,normal
2.28,14.92,168.43,0.06,176.3,abnormal
4.5,54.27,209.83,0.75,237.84,normal
2.22,56.01,215.06,0.71,164.13,normal
3.41,50.09,756.32,0.67,188.31,abnormal
3.83,48.81,149.59,0.68,173.14,normal
7.11,55.97,194.44,0.27,118.06,normal
2.8,49.42,141.28,0.28,204.68,normal
5.01,48.93,179.62,0.5,165.48,normal
7.52,40.81,132.25,0.76,200.96,normal
4.62,43.59,183.95,0.98,61.67,normal
6.46,53.27,233.68,0.35,240.61,normal
4.66,44.83,184.0,0.72,56.6,normal
6.65,45.16,209.3,4.93,95.42,abnormal
5.09,42.93,105.24,0.46,198.93,normal
2.75,54.16,114.02,0.76,164.95,normal
17.2,47.16,222.51,0.21,194.67,abnormal
5.6,44.18,103.12,0.43,93.42,normal
2.9,58.87,198.52,0.16,239.29,normal
4.79,57.9,221.59,0.81,149.46,normal
4.02,51.59,97.34,0.23,95.89,normal
6.6,53.98,230.51,0.01,188.59,normal
5.93,45.02,232.34,0.2,139.15,normal
3.15,57.74,113.43,0.12,175.35,normal
3.26,45.62,639.17,0.77,66.5,abnormal
4.92,50.95,236.73,0.27,93.82,normal
5.14,54.22,186.47,0.75,187.42,normal
7.7,51.43,145.56,0.02,245.45,normal
3.77,56.88,140.61,0.3,216.4,normal
4.21,53.31,171.69,0.22,174.14,normal
3.74,46.46,201.26,0.63,140.06,normal
7.94,52.05,168.81,0.36,90.84,normal
2.8,59.84,116.28,0.8,57.6,normal
5.68,52.14,235.33,0.68,153.58,normal
3.27,53.87,83.89,0.16,168.77,normal
5.49,53.48,243.87,0.8,205.88,normal
6.36,42.56,81.99,0.44,225.39,normal
5.14,52.76,210.46,0.4,141.55,normal
4.51,11.87,130.63,0.57,185.71,abnormal
2.85,51.67,203.11,0.09,196.14,normal
4.01,46.21,225.61,0.38,80.54,normal
5.4,48.01,234.28,0.44,91.18,normal
4.49,51.93,123.72,0.34,169.29,normal
5.34,46.96,213.94,0.29,122.46,normal
5.92,43.97,159.89,0.51,93.44,normal
6.43,41.82,192.57,0.74,238.98,normal
6.03,14.43,206.29,0.17,197.17,abnormal
4.77,54.4,220.56,0.17,195.94,normal
5.03,45.36,116.35,0.98,135.22,normal
6.78,51.61,85.68,0.01,159.74,normal
6.32,54.55,207.12,0.21,221.77,normal
3.86,58.48,156.04,0.77,227.31,normal
3.19,49.38,140.76,0.36,237.89,normal
7.95,55.9,213.77,0.62,54.64,normal
2.58,48.3,235.6,0.77,181.39,normal
7.7,42.15,128.55,0.75,212.92,normal
4.51,59.23,222.02,0.25,148.75,normal
7.76,44.68,154.88,0.55,61.39,normal
7.35,54.23,102.23,0.94,56.0,normal
4.62,58.37,94.94,0.19,158.46,normal
4.7,41.81,169.87,0.75,1002.46,abnormal
3.47,80.28,87.38,0.82,151.62,abnormal
5.02,47.9,206.97,0.06,97.95,normal
5.42,51.83,194.42,0.28,210.44,normal
-3.41,44.45,211.67,0.23,100.23,abnormal
3.98,59.93,111.73,0.1,121.13,normal
3.41,49.04,80.87,0.55,91.92,normal
5.73,17.64,80.12,0.3,210.48,abnormal
4.41,48.83,158.12,0.73,166.57,normal
7.29,48.52,111.66,0.12,117.61,normal
-0.64,56.32,148.86,0.31,120.23,abnormal
6.26,54.22,199.32,0.64,230.59,normal
6.73,46.05,133.36,0.6,92.97,normal
7.07,48.32,201.57,0.4,70.08,normal
3.88,54.98,210.29,0.03,167.22,normal
4.89,55.8,81.97,0.99,226.86,normal
7.13,56.21,225.55,0.09,158.4,normal
2.33,54.95,792.45,0.09,109.04,abnormal
5.47,43.79,148.2,0.78,124.74,normal
2.72,76.9,218.21,0.81,94.52,abnormal
5.19,11.63,153.63,0.66,65.36,abnormal
2.07,46.22,241.15,0.6,90.8,normal
7.01,59.17,174.94,0.72,206.28,normal
2.1,93.37,199.34,0.6,66.75,abnormal
-3.75,42.81,209.61,0.28,120.6,abnormal
15.63,58.84,211.18,0.27,183.15,abnormal
3.28,57.46,92.42,5.72,149.21,abnormal
4.09,43.09,156.32,0.54,127.73,normal
6.14,57.93,246.88,0.91,207.8,normal
6.32,52.99,235.86,0.99,168.38,normal
7.66,48.59,163.37,0.09,72.03,normal
2.29,52.86,172.15,0.9,183.45,normal
6.01,52.9,119.1,0.68,218.75,normal
-4.64,46.49,179.23,0.75,203.8,abnormal
7.49,41.19,213.97,0.22,208.14,normal
4.05,48.61,191.88,0.5,171.06,normal
18.46,57.63,199.66,0.63,164.14,abnormal
5.29,59.34,141.08,0.34,67.81,normal
2.29,44.34,151.77,0.52,130.99,normal
2.62,53.78,174.66,0.01,101.02,normal
4.44,40.85,171.99,0.08,172.24,normal
2.23,90.49,222.93,0.27,162.78,abnormal
5.4,47.05,219.44,0.01,186.02,normal
6.97,93.23,85.9,0.83,188.46,abnormal
4.04,48.64,174.78,0.68,177.54,normal
5.43,75.81,123.84,0.61,104.84,abnormal
5.99,53.16,129.36,0.36,235.98,normal
7.45,13.58,224.16,0.67,175.42,abnormal
4.44,47.81,94.55,0.6,119.08,normal
4.34,57.13,128.57,0.14,246.08,normal
4.82,45.87,201.07,0.89,114.03,normal
0.8,59.24,145.86,0.61,139.2,abnormal
2.73,47.8,103.31,0.72,129.8,normal
3.14,51.94,101.67,0.81,130.0,normal
7.5,59.96,194.77,0.48,59.19,normal
4.27,56.78,206.82,0.82,109.07,normal
7.38,56.44,164.53,0.13,67.35,normal
2.89,78.59,114.52,0.15,215.56,abnormal
2.2,50.42,206.67,0.52,173.86,normal
7.27,49.05,98.36,0.96,61.31,normal
2.05,47.2,204.47,0.23,89.84,normal
6.31,50.3,143.15,0.41,115.88,normal
3.38,53.28,545.32,0.13,193.57,abnormal
5.63,57.66,236.63,0.58,233.28,normal
-0.65,55.86,127.12,0.7,209.76,abnormal
2.19,58.07,237.46,0.49,94.49,normal
6.8,43.94,223.28,0.47,216.89,normal
5.26,53.78,131.64,0.76,69.33,normal
7.58,42.95,95.76,0.49,238.06,normal
5.1,50.04,191.03,0.96,1304.02,abnormal
2.9,46.21,245.48,0.34,142.63,normal
6.53,48.7,116.9,0.33,150.79,normal
3.69,58.88,138.96,0.13,92.64,normal
5.01,59.01,104.43,0.75,248.43,normal
2.89,46.22,207.13,0.13,114.39,normal
2.41,49.32,169.49,0.56,87.31,normal
2.28,44.99,137.19,0.23,197.24,normal
7.77,43.18,247.79,0.44,144.56,normal
4.27,40.89,101.85,0.55,149.03,normal
6.18,50.01,93.44,0.67,61.12,normal
3.25,53.68,219.66,0.72,128.01,normal
3.14,47.43,207.51,0.14,75.68,normal
2.21,56.83,201.02,0.94,101.38,normal
-4.98,56.38,82.59,0.39,105.47,abnormal
2.85,55.77,181.58,0.93,120.51,normal
3.63,44.09,91.75,0.8,220.04,normal
2.73,57.03,118.55,0.82,227.43,normal
7.6,43.29,153.46,0.62,55.7,normal
2.27,44.12,187.64,0.23,110.31,normal
4.19,54.23,199.17,0.81,193.39,normal
6.4,50.47,95.69,0.93,152.35,normal
6.26,58.61,230.05,0.12,164.54,normal
5.64,44.35,154.31,0.92,152.99,normal
3.73,57.35,241.94,0.21,73.5,normal
3.37,52.04,124.89,0.04,225.97,normal
4.7,53.72,246.7,0.73,225.68,normal
3.31,47.93,677.99,0.46,194.61,abnormal
2.04,40.36,148.46,0.41,249.6,normal
4.41,40.07,244.39,0.38,193.41,normal
7.95,57.05,100.42,0.97,207.49,normal
2.76,51.62,237.75,0.86,150.69,normal
2.99,51.11,556.95,0.44,135.33,abnormal
3.29,44.12,224.58,0.91,194.38,normal
5.52,56.77,176.89,0.66,57.34,normal
5.96,47.94,230.87,0.54,247.71,normal
3.21,53.07,124.99,1.0,154.21,normal
5.47,59.99,95.57,0.97,181.56,normal
4.6,41.96,244.37,2.73,55.82,abnormal
3.41,51.15,95.02,0.76,53.8,normal
6.36,44.51,143.97,0.63,155.81,normal
4.46,46.76,139.43,0.36,246.97,normal
5.75,47.45,238.45,0.17,174.53,normal
6.53,58.43,115.46,0.85,88.68,normal
4.02,49.93,163.11,0.46,153.93,normal
4.2,44.19,214.01,0.43,91.72,normal
2.54,45.14,181.25,0.58,94.01,normal
5.33,59.2,190.9,0.8,85.83,normal
7.13,43.84,183.33,0.01,212.28,normal
13.63,40.55,95.98,0.08,171.96,abnormal
5.15,40.0,128.12,0.75,132.54,normal
5.71,55.16,124.46,0.59,52.55,normal
6.36,59.02,96.53,0.93,205.47,normal
6.95,89.08,83.15,0.84,246.15,abnormal
5.42,41.79,246.81,0.48,156.06,normal
4.73,28.77,144.75,0.67,127.42,abnormal
2.22,53.51,100.09,0.8,202.34,normal
4.59,44.47,109.49,0.36,209.69,normal
4.63,43.16,125.38,0.36,246.84,normal
7.07,52.91,141.53,0.68,173.61,normal
7.26,49.34,100.15,0.68,111.65,normal
7.0,49.33,164.85,0.63,86.58,normal
4.48,56.34,179.66,0.51,131.26,normal
5.22,52.82,173.55,0.75,56.99,normal
4.06,52.1,114.08,0.35,125.7,normal
6.98,58.41,180.5,5.32,239.78,abnormal
4.46,45.43,164.35,2.67,90.15,abnormal
7.04,53.16,230.45,0.77,120.13,normal
7.23,45.28,136.91,0.44,198.28,normal
3.56,51.67,125.06,0.44,65.66,normal
5.77,54.77,126.76,0.44,100.55,normal
2.22,52.77,123.04,0.77,98.27,normal
5.6,40.11,203.25,0.68,199.61,normal
3.89,44.54,186.04,0.33,55.4,normal
6.89,45.59,227.37,0.03,243.57,normal
4.25,50.64,113.78,0.53,234.98,normal
3.12,52.14,122.1,0.6,110.59,normal
2.26,58.38,217.94,0.03,94.28,normal
7.81,57.51,94.85,0.0,225.98,normal
6.86,54.13,222.53,0.31,59.18,normal
2.85,47.22,119.18,0.53,176.33,normal
3.21,45.83,147.08,0.28,135.41,normal
7.99,59.08,147.0,0.43,57.47,normal
7.14,42.73,162.57,0.82,164.08,normal
2.67,51.89,213.04,0.71,201.58,normal
6.89,41.07,95.09,0.18,147.85,normal
6.83,42.2,228.55,0.33,128.35,normal
5.55,84.23,176.18,0.47,153.67,abnormal
7.01,48.54,124.81,2.86,114.29,abnormal
3.62,93.93,169.78,0.21,118.28,abnormal
6.01,90.37,196.66,0.41,87.15,abnormal
6.36,57.21,159.96,0.43,144.09,normal
5.82,58.29,172.1,0.94,238.29,normal
3.43,54.38,236.81,0.86,164.0,normal
4.95,45.07,181.7,0.59,243.08,normal
17.0,59.32,234.57,0.25,132.25,abnormal
2.05,58.33,165.85,0.98,147.86,normal
2.27,56.05,148.76,0.64,73.82,normal
4.56,40.82,86.09,0.46,91.0,normal
5.87,48.83,204.23,0.51,89.26,normal
3.53,56.83,139.72,0.21,235.94,normal
3.71,53.57,227.56,0.88,174.04,normal
5.08,52.29,112.15,0.87,160.82,normal
3.47,53.26,146.29,0.99,99.14,normal
4.95,20.39,206.84,0.5,103.4,abnormal
3.6,40.83,175.53,0.57,113.09,normal
3.29,44.0,111.65,0.63,142.23,normal
2.03,24.26,138.19,0.42,175.0,abnormal
6.46,43.18,221.68,0.65,229.79,normal
5.59,52.45,144.79,0.22,241.88,normal
2.99,44.92,224.45,0.4,102.95,normal
3.47,48.8,189.25,0.12,120.64,normal
7.05,56.09,196.04,0.21,82.67,normal
7.2,52.56,140.74,0.09,245.28,normal
2.13,42.56,93.33,0.95,78.01,normal
7.98,57.09,238.66,0.13,231.71,normal
7.25,55.64,85.53,0.24,243.54,normal
3.78,80.76,156.21,0.92,121.78,abnormal
4.91,48.94,114.78,0.81,238.23,normal
6.99,46.59,195.58,0.24,215.97,normal
2.51,43.14,104.71,0.68,202.94,normal
7.59,27.04,179.77,0.87,69.69,abnormal
7.22,47.3,159.4,0.42,155.57,normal
6.34,46.73,137.54,0.04,60.73,normal
5.45,54.56,224.91,0.62,218.99,normal
5.01,47.75,194.79,0.34,214.91,normal
5.07,45.63,205.71,0.88,219.06,normal
5.06,42.72,123.4,0.41,108.1,normal
3.99,48.87,224.61,0.6,122.22,normal
5.61,56.0,238.81,0.37,116.53,normal
7.15,50.16,201.01,0.66,139.33,normal
3.8,55.35,156.84,0.5,148.63,normal
7.24,47.4,229.5,0.12,93.37,normal
7.11,54.73,218.08,0.25,169.23,normal
2.1,41.24,128.45,0.33,122.84,normal
6.99,51.38,842.33,0.46,103.03,abnormal
7.36,48.73,102.54,0.68,118.18,normal
7.07,42.35,136.08,0.59,118.7,normal
3.01,49.01,155.95,0.62,208.25,normal
2.74,43.1,211.89,0.15,79.51,normal
4.16,56.11,240.13,0.82,239.69,normal
3.21,42.06,234.09,0.64,59.89,normal
7.76,46.73,120.91,0.29,121.13,normal
4.18,48.7,111.85,2.49,248.42,abnormal
3.29,47.46,244.92,0.66,1199.36,abnormal
4.49,11.08,219.46,0.61,201.73,abnormal
6.82,51.61,85.09,0.42,193.51,normal
2.48,41.78,234.82,0.68,161.83,normal
2.56,54.36,157.65,0.23,128.19,normal
2.28,58.76,195.88,0.24,63.71,normal
2.22,51.52,243.8,0.52,151.24,normal
6.08,59.59,85.68,0.37,202.49,normal
2.47,42.16,223.01,0.17,82.35,normal
2.2,54.16,196.62,0.73,191.52,normal
3.46,21.75,111.44,0.0,183.82,abnormal
5.36,48.95,108.83,0.65,240.41,normal
5.69,50.56,128.17,0.94,153.95,normal
4.47,49.06,148.71,0.75,104.59,normal
-0.57,50.87,130.83,0.7,87.12,abnormal
6.6,48.7,161.72,0.15,213.23,normal
7.09,45.15,190.2,0.19,186.84,normal
4.97,56.41,149.1,0.44,206.98,normal
2.56,53.86,160.64,0.82,110.47,normal
3.01,47.76,155.8,0.09,236.45,normal
6.89,44.34,214.84,0.62,116.99,normal
3.96,56.16,148.57,0.65,89.2,normal
7.65,52.53,214.68,0.58,52.22,normal
5.39,47.5,210.16,0.59,128.09,normal
6.85,41.28,232.55,0.66,157.55,normal
5.46,55.81,121.31,0.77,176.03,normal
-3.4,51.2,103.35,0.9,95.31,abnormal
4.92,51.16,125.87,0.98,185.1,normal
5.09,49.84,131.14,0.88,154.17,normal
5.01,41.03,125.13,0.33,166.82,normal
7.48,46.51,211.84,0.66,180.35,normal
6.74,47.44,216.19,0.5,162.32,normal
7.32,46.75,224.45,0.13,129.12,normal
5.91,45.22,123.43,0.6,92.97,normal
3.35,49.34,142.5,0.11,242.43,normal
7.3,55.99,110.19,0.06,80.19,normal
4.59,45.0,829.22,0.87,77.46,abnormal
2.5,51.49,177.18,0.53,184.13,normal
6.83,48.18,186.65,0.24,113.32,normal
2.3,76.75,124.73,0.19,87.13,abnormal
5.38,57.36,160.88,0.42,192.04,normal
7.13,53.43,197.61,0.05,105.83,normal
5.29,40.03,86.89,0.98,210.08,normal
2.46,56.47,87.35,0.36,75.38,normal
3.6,49.18,222.56,0.78,233.66,normal
6.6,47.24,181.76,0.33,76.54,normal
3.08,52.33,152.97,0.96,210.35,normal
7.42,50.08,112.94,0.31,223.47,normal
4.87,57.94,202.32,0.12,58.03,normal
5.57,43.06,231.21,0.14,130.29,normal
3.73,56.07,114.2,0.46,106.5,normal
7.8,43.1,128.18,0.08,75.25,normal
6.8,43.59,152.25,0.35,221.18,normal
3.21,41.73,150.35,0.36,152.04,normal
2.87,49.07,136.4,0.15,141.38,normal
2.32,44.84,186.94,0.47,61.49,normal
3.88,40.15,231.17,0.36,199.67,normal
7.54,51.0,87.08,0.58,819.21,abnormal
2.43,43.56,198.63,2.37,126.61,abnormal
3.22,43.6,544.56,0.8,87.52,abnormal
6.56,58.38,82.84,0.87,104.53,normal
5.5,46.39,93.92,0.87,116.17,normal
7.38,51.63,112.02,0.86,191.25,normal
2.89,43.53,196.18,0.41,155.66,normal
7.57,46.62,98.76,0.02,194.15,normal
7.14,53.05,91.01,0.71,158.87,normal
3.9,41.0,117.63,0.28,204.94,normal
3.35,48.33,209.87,0.01,146.4,normal
6.2,43.87,199.09,0.05,165.53,normal
3.69,48.11,248.45,0.23,235.82,normal
5.88,41.92,158.61,0.83,199.34,normal
2.67,43.68,199.64,0.87,83.92,normal
6.83,57.25,236.47,4.51,163.08,abnormal
4.69,56.81,171.64,0.38,71.69,normal
4.67,40.74,182.73,0.49,197.9,normal
5.38,40.61,199.25,5.92,187.13,abnormal
7.35,51.79,211.66,0.61,159.64,normal
5.9,49.76,116.02,0.89,107.5,normal
5.11,54.27,123.81,0.3,127.14,normal
6.81,45.92,248.77,0.35,79.85,normal
5.43,58.63,142.66,0.02,149.49,normal
7.19,10.13,124.36,0.18,52.47,abnormal
5.89,48.51,190.93,0.72,140.03,normal
6.91,48.21,209.21,0.98,216.04,normal
6.73,56.38,91.03,0.56,152.51,normal
2.71,59.8,230.65,0.79,936.01,abnormal
5.9,51.79,223.53,0.0,161.15,normal
2.29,57.45,249.09,0.5,131.24,normal
2.14,58.58,216.39,0.67,154.78,normal
4.95,49.92,88.46,0.28,167.73,normal
4.31,42.59,243.0,0.11,117.17,normal
6.64,52.0,148.21,0.43,242.83,normal
5.81,59.24,141.54,0.7,162.59,normal
5.56,43.34,86.28,0.87,230.32,normal
3.23,48.03,225.43,0.73,163.79,normal
4.76,45.65,170.21,0.67,84.94,normal
4.98,42.12,159.39,0.27,212.09,normal
5.83,43.78,172.03,0.55,196.16,normal
4.98,50.19,240.46,0.28,140.23,normal
7.18,52.28,185.9,0.68,116.62,normal
3.3,44.7,145.73,0.58,143.94,normal
4.1,55.46,223.2,0.61,62.32,normal
3.53,52.81,100.93,0.38,148.18,normal
5.41,59.24,177.78,0.21,97.8,normal
5.76,44.91,174.37,0.56,57.92,normal
5.18,50.31,205.47,0.78,124.78,normal
7.06,43.56,197.22,0.05,169.64,normal
5.29,49.82,161.61,0.12,87.26,normal
5.55,53.29,113.48,0.75,74.44,normal
7.84,56.01,103.37,0.22,138.1,normal
4.59,58.11,81.37,0.24,180.2,normal
6.87,48.79,222.2,0.64,61.1,normal
4.89,53.2,203.21,0.78,162.51,normal
3.22,58.29,193.78,0.21,178.15,normal
3.49,58.5,93.0,0.69,148.99,normal
5.53,58.0,158.1,0.05,104.33,normal
6.72,47.61,199.31,0.37,178.73,normal
0.29,45.13,113.91,0.1,157.17,abnormal
4.76,40.1,168.55,3.26,53.31,abnormal
3.63,55.48,178.47,0.92,103.2,normal
6.72,41.35,130.97,0.86,205.9,normal
3.56,43.86,127.33,0.58,72.95,normal
18.51,55.99,165.84,0.88,172.99,abnormal
7.63,52.83,116.4,0.16,219.5,normal
3.47,48.97,242.05,0.21,111.34,normal
5.8,42.01,135.24,0.5,221.02,normal
4.22,41.06,95.73,0.98,132.41,normal
2.97,43.75,221.47,0.33,823.33,abnormal
2.98,58.24,243.46,0.83,118.34,normal
4.34,54.18,108.83,0.66,163.92,normal
7.02,41.67,155.62,0.67,95.81,normal
7.48,58.37,216.24,0.93,216.64,normal
6.11,54.41,88.61,0.05,208.28,normal
7.12,41.54,664.9,1.0,121.49,abnormal
4.02,41.49,187.51,0.74,198.04,normal
3.02,45.82,98.14,0.34,63.48,normal
7.43,46.75,123.03,0.83,155.76,normal
3.62,78.83,194.6,0.43,121.93,abnormal
2.84,46.81,239.86,0.8,63.47,normal
6.55,46.39,99.82,0.65,598.9,abnormal
4.84,43.41,90.12,0.33,197.54,normal
3.07,41.71,179.43,0.12,187.11,normal
2.96,51.66,183.29,0.5,108.04,normal
6.51,44.33,167.25,0.36,190.65,normal
3.14,42.42,912.83,0.41,80.77,abnormal
2.97,54.21,98.37,3.21,58.59,abnormal
7.41,52.93,199.31,0.44,245.94,normal
5.12,48.06,186.12,0.54,188.21,normal
3.12,55.99,101.19,0.66,141.41,normal
7.7,59.03,235.23,0.31,104.62,normal
2.74,58.18,133.27,0.8,193.86,normal
2.15,41.9,112.42,0.52,226.53,normal
4.16,56.58,170.72,0.17,242.93,normal
5.26,58.68,245.38,0.73,79.51,normal
6.41,45.04,109.61,0.39,216.73,normal
7.99,43.16,249.15,0.31,237.46,normal
2.95,85.74,154.97,0.04,139.64,abnormal
3.87,42.69,236.18,0.2,248.57,normal
5.54,50.71,188.76,0.91,926.61,abnormal
4.82,41.04,171.64,0.88,223.03,normal
2.8,40.79,190.55,0.18,108.42,normal
2.12,56.65,198.82,0.88,124.07,normal
6.13,56.29,208.24,0.71,148.61,normal
6.79,91.09,103.39,0.28,136.45,abnormal
2.39,54.9,193.29,0.53,184.18,normal
4.91,56.88,207.92,0.95,191.92,normal
5.31,53.99,117.32,0.66,210.99,normal
7.57,51.53,234.33,0.65,244.05,normal
6.66,49.19,190.65,0.52,145.62,normal
12.74,53.01,119.48,0.9,141.32,abnormal
2.47,52.28,142.43,0.24,214.12,normal
6.09,51.86,194.66,0.65,113.75,normal
4.81,41.14,81.16,0.47,220.93,normal
4.97,47.5,202.95,0.55,204.87,normal
3.7,51.56,184.03,0.91,89.56,normal
4.27,48.32,242.89,0.13,64.14,normal
2.07,46.51,178.4,0.07,206.23,normal
3.68,47.18,207.2,0.16,124.16,normal
2.6,56.34,220.16,0.71,198.5,normal
4.11,41.93,150.29,0.66,120.88,normal
7.54,41.99,181.43,0.5,842.62,abnormal
7.86,56.13,152.91,0.4,121.1,normal
7.66,46.7,85.17,0.06,97.47,normal
-4.16,45.22,151.37,0.7,218.66,abnormal
4.8,59.21,86.72,0.71,226.7,normal
3.03,52.67,172.65,0.14,66.04,normal
6.75,50.53,185.75,0.73,200.02,normal
7.16,53.49,206.09,0.85,114.03,normal
6.93,41.41,107.41,0.75,239.6,normal
6.54,49.96,218.85,0.07,111.16,normal
-3.57,59.76,232.6,1.0,150.77,abnormal
3.44,56.33,204.44,0.33,244.22,normal
6.98,40.54,218.39,0.53,1009.43,abnormal
6.23,45.96,241.81,0.72,185.5,normal
-4.59,43.06,92.89,0.25,158.79,abnormal
2.81,45.24,151.85,0.42,160.03,normal
5.85,52.65,111.23,0.06,163.57,normal
7.17,57.08,115.64,0.13,54.12,normal
3.87,49.91,116.22,0.2,111.09,normal
4.47,41.33,87.65,0.02,218.69,normal
2.07,45.85,113.88,0.23,123.28,normal
5.43,12.66,202.53,0.76,249.7,abnormal
2.77,44.64,243.22,0.42,222.13,normal
2.78,41.7,144.22,0.78,192.15,normal
5.6,55.17,239.96,0.55,193.06,normal
4.72,48.47,205.04,5.67,222.95,abnormal
4.88,53.13,101.89,0.21,157.41,normal
5.44,52.29,189.35,0.8,58.34,normal
3.35,45.5,99.87,0.25,118.32,normal
7.58,56.17,94.36,0.74,141.25,normal
3.68,50.77,232.8,0.03,242.37,normal
4.42,46.23,195.15,0.25,176.74,normal
7.26,56.1,166.7,0.62,231.43,normal
7.91,52.75,120.53,0.39,78.04,normal
3.67,46.11,112.51,0.24,86.54,normal
5.38,45.03,240.34,0.23,112.8,normal
4.74,42.81,89.27,0.47,176.98,normal
3.18,51.18,127.45,0.06,229.07,normal
5.89,54.38,208.48,0.67,103.4,normal
2.22,55.18,236.13,4.83,185.51,abnormal
6.19,50.07,169.36,0.97,167.56,normal
6.29,54.6,245.74,0.8,1262.29,abnormal
2.23,55.59,195.45,0.01,105.45,normal
5.71,49.89,244.88,0.99,206.46,normal
2.63,48.87,193.67,0.54,53.12,normal
19.43,40.46,197.99,0.31,135.5,abnormal
5.13,45.14,126.48,0.96,75.22,normal
6.94,59.22,90.08,0.26,159.72,normal
2.69,40.31,99.97,0.46,205.72,normal
2.94,49.26,87.99,0.29,108.75,normal
2.17,44.89,132.35,0.38,134.63,normal
7.95,57.5,191.74,0.26,212.26,normal
6.53,52.78,89.7,0.8,95.52,normal
4.78,52.49,229.32,4.0,167.98,abnormal
4.42,51.47,128.22,0.02,221.01,normal
7.57,53.6,90.06,0.51,203.56,normal
2.82,41.67,124.93,0.36,125.79,normal
5.06,42.49,158.83,0.59,229.51,normal
2.13,45.42,233.6,0.46,89.56,normal
7.33,91.12,159.73,0.03,212.5,abnormal
3.98,47.6,133.58,0.88,1171.75,abnormal
2.44,46.73,98.57,0.07,168.37,normal
16.4,40.56,81.97,0.1,197.4,abnormal
3.22,55.68,141.28,0.13,65.08,normal
3.59,52.93,152.05,0.93,180.8,normal
6.52,56.33,175.29,0.67,815.96,abnormal
2.74,48.19,243.76,0.31,202.89,normal
5.67,45.4,104.08,0.79,67.05,normal
6.96,46.29,154.56,0.77,225.58,normal
2.93,50.6,202.37,0.62,62.01,normal
7.11,51.61,224.86,0.31,56.28,normal
2.8,46.95,142.97,0.23,119.56,normal
3.24,53.39,238.6,0.33,178.97,normal
2.18,40.56,217.0,0.32,224.57,normal
5.05,51.72,230.03,0.63,140.21,normal
3.56,55.8,130.1,0.13,86.17,normal
4.84,49.77,123.03,0.78,104.69,normal
6.77,44.91,132.04,0.28,60.57,normal
4.32,50.64,166.88,0.14,109.53,normal
7.76,53.43,141.91,0.37,91.58,normal
3.37,57.72,249.58,0.35,180.32,normal
6.83,40.41,97.11,0.12,227.19,normal
4.81,57.19,123.06,0.98,196.23,normal
2.26,55.11,90.28,0.83,172.9,normal
-4.15,52.64,122.99,0.03,162.73,abnormal
2.82,53.37,231.77,0.1,145.38,normal
6.11,55.48,116.99,0.37,179.82,normal
6.08,53.85,179.36,0.25,176.92,normal
5.19,58.95,239.43,0.46,164.64,normal
7.55,48.55,213.68,0.5,232.07,normal
6.36,46.72,215.73,0.6,199.69,normal
5.74,56.85,204.62,0.88,84.66,normal
6.35,49.86,228.59,0.68,222.63,normal
4.64,42.13,118.86,0.85,236.36,normal
2.14,44.27,244.05,0.39,183.13,normal
4.32,49.23,236.08,0.27,56.08,normal
7.87,45.56,236.91,0.34,123.32,normal
5.31,44.63,93.51,0.12,53.18,normal
2.82,57.39,102.31,0.72,82.39,normal
5.9,53.58,137.55,0.36,208.63,normal
7.68,48.85,238.31,0.42,981.52,abnormal
3.24,44.2,198.87,0.22,200.4,normal
7.97,49.14,204.34,0.13,138.09,normal
4.51,54.92,512.26,0.82,118.94,abnormal
2.83,40.03,154.97,0.17,101.49,normal
3.51,59.93,168.73,0.96,1069.25,abnormal
7.83,58.53,138.36,0.87,63.66,normal
3.49,29.39,140.54,0.0,163.56,abnormal
5.34,44.44,193.1,0.57,122.27,normal
3.26,44.66,156.38,0.83,95.55,normal
4.86,43.86,967.9,0.94,198.42,abnormal
2.31,59.57,107.18,0.69,183.97,normal
5.83,57.9,416.08,0.15,158.82,abnormal
5.64,49.44,109.38,0.56,175.65,normal
2.94,55.06,168.82,0.85,245.1,normal
3.47,59.92,198.94,0.57,204.49,normal
3.26,56.26,217.82,0.91,228.73,normal
4.79,47.02,158.24,0.45,174.21,normal
3.18,56.38,173.64,0.54,208.87,normal
3.7,41.34,601.73,0.17,209.06,abnormal
7.68,58.66,88.0,0.51,159.25,normal
4.1,54.01,162.38,0.34,158.24,normal
15.88,51.5,96.48,0.34,109.34,abnormal
4.63,58.03,146.44,0.62,185.43,normal
3.07,48.58,137.65,0.54,74.97,normal
2.81,46.17,244.5,0.23,160.69,normal
3.94,40.92,242.25,0.26,130.27,normal
7.26,45.22,112.87,0.3,223.96,normal
2.64,90.68,236.65,0.71,227.33,abnormal
7.81,48.83,232.05,0.56,225.4,normal
5.06,56.68,239.12,0.9,239.38,normal
4.68,52.41,242.82,0.09,129.06,normal
4.62,52.82,246.32,0.29,68.33,normal
3.42,51.58,171.46,0.89,93.33,normal
2.43,43.2,177.75,0.88,71.9,normal
4.14,53.4,168.66,0.15,228.77,normal
5.28,15.41,80.47,0.04,175.65,abnormal
4.07,56.04,222.46,0.37,207.27,normal
4.59,53.94,180.21,0.76,216.74,normal
7.64,44.41,244.73,0.73,143.92,normal
4.05,49.93,103.97,0.39,146.75,normal
2.43,57.05,80.83,0.55,118.28,normal
7.18,46.98,179.79,0.37,78.37,normal
4.04,47.77,83.35,0.58,206.9,normal
4.0,49.82,171.41,3.63,171.15,abnormal
3.23,44.04,234.71,0.07,232.04,normal
5.82,46.77,112.14,0.59,114.64,normal
5.22,52.33,195.54,1.0,138.76,normal
4.65,59.31,205.18,0.8,135.24,normal
3.63,47.55,221.37,0.79,99.5,normal
7.96,55.68,204.65,0.08,223.54,normal
3.85,59.0,113.49,0.56,66.49,normal
6.96,58.06,120.52,0.91,141.69,normal
2.48,47.16,161.26,0.49,110.21,normal
3.95,59.44,221.67,0.44,74.39,normal
6.56,54.49,132.29,0.27,147.81,normal
3.4,41.27,98.5,0.73,150.62,normal
4.51,54.18,196.63,0.17,176.6,normal
6.28,51.52,179.49,0.8,229.41,normal
2.96,46.28,213.53,0.01,189.74,normal
7.17,42.77,198.33,0.29,104.62,normal
7.54,47.02,157.07,0.8,64.21,normal
6.0,42.21,241.6,0.65,125.97,normal
3.89,50.96,222.43,0.58,228.39,normal
6.91,46.2,154.83,0.4,234.13,normal
7.68,55.04,147.91,0.37,144.77,normal
4.41,45.03,245.35,0.05,120.56,normal
6.03,58.57,224.48,0.14,137.16,normal
3.92,43.7,163.47,0.06,164.65,normal
4.97,42.69,174.91,0.49,78.72,normal
6.44,42.83,80.84,0.08,189.97,normal
2.24,57.81,108.93,0.83,143.48,normal
5.87,48.64,196.55,0.03,125.98,normal
3.83,57.22,153.4,0.58,99.15,normal
2.53,44.94,112.98,0.54,87.98,normal
7.39,44.84,83.37,0.08,234.36,normal
5.05,53.37,148.08,0.25,156.36,normal
4.99,47.43,198.41,0.36,163.9,normal
2.45,43.86,183.46,0.94,119.29,normal
5.14,46.35,239.37,0.96,225.94,normal
5.01,54.25,95.13,0.24,119.82,normal
4.55,52.35,245.47,0.25,247.4,normal
5.26,56.11,140.42,0.89,157.44,normal
2.41,53.07,236.98,0.33,186.5,normal
2.74,52.29,179.14,0.11,1322.23,abnormal
2.77,57.21,238.83,0.31,144.11,normal
3.01,43.92,216.29,0.68,157.34,normal
5.15,47.24,99.88,0.97,141.51,normal
5.39,56.77,230.7,0.05,212.53,normal
5.93,58.61,224.36,0.81,171.34,normal
6.72,52.4,225.53,0.74,222.77,normal
3.13,59.1,157.21,0.1,75.72,normal
6.81,52.74,177.26,0.63,229.81,normal
4.3,56.53,218.64,0.72,133.41,normal
2.21,47.81,152.25,0.22,208.4,normal
7.91,47.06,168.73,0.29,196.36,normal
3.94,53.47,95.53,0.28,97.0,normal
3.88,58.89,181.2,0.53,106.76,normal
7.36,41.23,230.3,0.53,87.93,normal
14.88,47.38,209.19,0.75,92.47,abnormal
-1.91,57.1,188.74,0.88,171.62,abnormal
2.84,45.4,131.39,0.79,67.21,normal
14.68,41.92,174.73,0.24,115.71,abnormal
7.63,42.58,227.87,0.47,178.61,normal
4.13,45.15,147.63,0.44,138.76,normal
3.35,46.41,174.76,0.11,143.63,normal
7.45,48.13,97.98,0.89,99.41,normal
6.63,54.9,101.68,0.27,142.53,normal
2.83,41.38,90.01,0.64,91.54,normal
7.12,52.73,176.8,0.44,144.51,normal
7.83,52.88,598.34,0.18,107.6,abnormal
3.13,54.1,221.48,0.07,76.32,normal
2.26,49.0,99.03,4.4,79.61,abnormal
5.6,51.35,213.88,0.32,183.59,normal
3.73,43.62,214.26,0.09,238.08,normal
3.06,56.66,200.05,0.86,194.33,normal
2.53,40.08,126.94,0.25,128.77,normal
3.6,15.02,220.03,0.75,162.69,abnormal
5.53,45.06,106.57,0.76,234.65,normal
2.34,52.59,108.08,0.89,138.29,normal
3.43,43.14,166.46,0.85,151.45,normal
7.53,16.39,162.01,0.06,233.2,abnormal
6.5,44.36,82.43,0.59,229.9,normal
3.27,59.51,138.16,0.73,134.83,normal
7.31,15.67,142.84,0.41,145.89,abnormal
3.85,49.25,84.73,0.29,210.69,normal
3.32,54.23,219.41,0.35,207.79,normal
4.48,57.28,128.46,0.82,63.01,normal
4.46,44.01,100.58,0.31,90.8,normal
2.41,59.79,142.3,5.15,218.63,abnormal
5.41,47.73,199.62,0.57,232.62,normal
6.73,40.25,213.56,0.64,203.83,normal
3.31,54.88,106.09,0.57,895.16,abnormal
3.54,42.79,81.48,0.16,244.15,normal
2.56,45.31,140.03,0.92,176.78,normal
3.19,52.82,119.07,0.4,59.01,normal
2.86,48.59,116.38,0.18,219.25,normal
2.46,55.8,106.39,0.59,78.55,normal
6.67,47.23,208.73,0.31,245.79,normal
2.92,52.15,142.78,0.09,247.85,normal
7.61,51.36,232.62,0.56,55.12,normal
6.06,53.35,217.7,0.2,60.89,normal
5.23,44.25,249.78,0.29,149.77,normal
5.74,41.01,246.09,0.51,112.14,normal
7.88,47.55,132.46,0.56,136.29,normal
2.03,59.36,187.74,0.21,131.69,normal
6.09,47.12,203.89,0.53,117.08,normal
6.72,48.54,177.05,0.79,125.4,normal
7.1,44.21,235.23,0.14,139.59,normal
4.93,52.64,131.71,0.83,132.57,normal
6.31,54.23,160.51,0.05,186.4,normal
